date,type,amount,description,ticker,shares,price,gain_loss,gain_loss_pct,days_held
2020-01-01,deposit,100000.0,Initial investment,,,,,,
2020-01-02,buy,17233.707275390625,Bought 237 shares of AAPL,AAPL,237.0,72.716064453125,,,
2020-01-02,buy,14788.43028831482,Bought 2476 shares of NVDA,NVDA,2476.0,5.972710132598877,,,
2020-01-02,buy,14412.389068603516,Bought 94 shares of MSFT,MSFT,94.0,153.3232879638672,,,
2020-01-02,buy,10533.955215454102,Bought 111 shares of AMZN,AMZN,111.0,94.90049743652344,,,
2020-01-02,buy,10488.689834594727,Bought 154 shares of GOOGL,GOOGL,154.0,68.1083755493164,,,
2020-01-02,buy,10479.115356445312,Bought 154 shares of GOOG,GOOG,154.0,68.04620361328125,,,
2020-01-02,buy,6478.432846069336,Bought 31 shares of META,META,31.0,208.98170471191406,,,
2020-01-02,buy,6052.3240032196045,Bought 211 shares of TSLA,TSLA,211.0,28.68400001525879,,,
2020-01-02,buy,4617.719593048096,Bought 165 shares of AVGO,AVGO,165.0,27.98617935180664,,,
2020-01-02,buy,4339.40998840332,Bought 19 shares of BRK-B,BRK-B,19.0,228.38999938964844,,,
2020-02-01,deposit,1500.0,Monthly investment,,,,,,
2020-01-31,buy,299.7349548339844,Bought 4 shares of AAPL,AAPL,4.0,74.9337387084961,,,
2020-01-31,buy,306.07582664489746,Bought 52 shares of NVDA,NVDA,52.0,5.886073589324951,,,
2020-01-31,buy,162.49668884277344,Bought 1 shares of MSFT,MSFT,1.0,162.49668884277344,,,
2020-01-31,buy,200.8719940185547,Bought 2 shares of AMZN,AMZN,2.0,100.43599700927734,,,
2020-01-31,buy,213.89440155029297,Bought 3 shares of GOOGL,GOOGL,3.0,71.29813385009766,,,
2020-01-31,buy,214.12033081054688,Bought 3 shares of GOOG,GOOG,3.0,71.37344360351562,,,
2020-01-31,buy,86.74266815185547,Bought 2 shares of TSLA,TSLA,2.0,43.371334075927734,,,
2020-01-31,buy,79.4714241027832,Bought 3 shares of AVGO,AVGO,3.0,26.490474700927734,,,
2020-03-01,deposit,1500.0,Monthly investment,,,,,,
2020-03-02,sell,4081.738042831421,Sold 165 shares of AVGO for tax-loss harvesting,AVGO,165.0,24.73780632019043,-535.9815502166748,-11.607061438368548,2.0
2020-03-02,buy,1087.723731994629,Bought 15 shares of AAPL,AAPL,15.0,72.5149154663086,,,
2020-03-02,buy,943.3841118812561,Bought 137 shares of NVDA,NVDA,137.0,6.88601541519165,,,
2020-03-02,buy,826.9545745849609,Bought 5 shares of MSFT,MSFT,5.0,165.3909149169922,,,
2020-03-02,buy,586.1850128173828,Bought 6 shares of AMZN,AMZN,6.0,97.69750213623047,,,
2020-03-02,buy,620.8755798339844,Bought 9 shares of GOOGL,GOOGL,9.0,68.98617553710938,,,
2020-03-02,buy,622.1527404785156,Bought 9 shares of GOOG,GOOG,9.0,69.12808227539062,,,
2020-03-02,buy,391.38494873046875,Bought 2 shares of META,META,2.0,195.69247436523438,,,
2020-03-02,buy,347.0226821899414,Bought 7 shares of TSLA,TSLA,7.0,49.574668884277344,,,
2020-03-02,buy,217.6300048828125,Bought 1 shares of BRK-B,BRK-B,1.0,217.6300048828125,,,
2020-04-01,deposit,1500.0,Monthly investment,,,,,,
2020-04-01,sell,13855.921154022217,Sold 237 shares of AAPL for tax-loss harvesting,AAPL,237.0,58.463802337646484,-3377.786121368408,-19.59988102032937,3.0
2020-04-01,sell,233.85520935058594,Sold 4 shares of AAPL for tax-loss harvesting,AAPL,4.0,58.463802337646484,-65.87974548339844,-21.979333548163428,2.0
2020-04-01,sell,876.9570350646973,Sold 15 shares of AAPL for tax-loss harvesting,AAPL,15.0,58.463802337646484,-210.76669692993164,-19.376859282405768,1.0
2020-04-01,sell,829.535041809082,Sold 137 shares of NVDA for tax-loss harvesting,NVDA,137.0,6.055000305175781,-113.84907007217407,-12.068156399744867,1.0
2020-04-01,sell,145.59645080566406,Sold 1 shares of MSFT for tax-loss harvesting,MSFT,1.0,145.59645080566406,-16.900238037109375,-10.400358405740507,2.0
2020-04-01,sell,727.9822540283203,Sold 5 shares of MSFT for tax-loss harvesting,MSFT,5.0,145.59645080566406,-98.97232055664062,-11.968289867229254,1.0
2020-04-01,sell,8445.790634155273,Sold 154 shares of GOOGL for tax-loss harvesting,GOOGL,154.0,54.842796325683594,-2042.8992004394531,-19.477162854996266,3.0
2020-04-01,sell,164.52838897705078,Sold 3 shares of GOOGL for tax-loss harvesting,GOOGL,3.0,54.842796325683594,-49.36601257324219,-23.079618828468853,2.0
2020-04-01,sell,493.58516693115234,Sold 9 shares of GOOGL for tax-loss harvesting,GOOGL,9.0,54.842796325683594,-127.29041290283203,-20.501758651365886,1.0
2020-04-01,sell,8473.141166687012,Sold 154 shares of GOOG for tax-loss harvesting,GOOG,154.0,55.0203971862793,-2005.9741897583008,-19.142590968086836,3.0
2020-04-01,sell,165.0611915588379,Sold 3 shares of GOOG for tax-loss harvesting,GOOG,3.0,55.0203971862793,-49.059139251708984,-22.911948186329113,2.0
2020-04-01,sell,495.1835746765137,Sold 9 shares of GOOG for tax-loss harvesting,GOOG,9.0,55.0203971862793,-126.96916580200195,-20.40803769575077,1.0
2020-04-01,sell,4928.772476196289,Sold 31 shares of META for tax-loss harvesting,META,31.0,158.99266052246094,-1549.6603698730469,-23.92029687879336,3.0
2020-04-01,sell,317.9853210449219,Sold 2 shares of META for tax-loss harvesting,META,2.0,158.99266052246094,-73.39962768554688,-18.75381971729686,1.0
2020-04-01,sell,64.20800018310547,Sold 2 shares of TSLA for tax-loss harvesting,TSLA,2.0,32.104000091552734,-22.53466796875,-25.97875814622146,2.0
2020-04-01,sell,224.72800064086914,Sold 7 shares of TSLA for tax-loss harvesting,TSLA,7.0,32.104000091552734,-122.29468154907227,-35.24112048737344,1.0
2020-04-01,sell,59.22887992858887,Sold 3 shares of AVGO for tax-loss harvesting,AVGO,3.0,19.74295997619629,-20.242544174194336,-25.471475316730118,2.0
2020-04-01,sell,3343.0499420166016,Sold 19 shares of BRK-B for tax-loss harvesting,BRK-B,19.0,175.9499969482422,-996.3600463867188,-22.96072620585289,3.0
2020-04-01,sell,175.9499969482422,Sold 1 shares of BRK-B for tax-loss harvesting,BRK-B,1.0,175.9499969482422,-41.68000793457031,-19.151774571256297,1.0
2020-04-01,buy,45880.186027526855,Bought 481 shares of AMZN,AMZN,481.0,95.38500213623047,,,
2020-05-01,deposit,1500.0,Monthly investment,,,,,,
2020-05-01,buy,210.45364379882812,Bought 3 shares of AAPL,AAPL,3.0,70.15121459960938,,,
2020-05-01,buy,232.45845651626587,Bought 33 shares of NVDA,NVDA,33.0,7.044195652008057,,,
2020-05-01,buy,167.0947265625,Bought 1 shares of MSFT,MSFT,1.0,167.0947265625,,,
2020-05-01,buy,114.302001953125,Bought 1 shares of AMZN,AMZN,1.0,114.302001953125,,,
2020-05-01,buy,131.1051788330078,Bought 2 shares of GOOGL,GOOGL,2.0,65.5525894165039,,,
2020-05-01,buy,131.43846130371094,Bought 2 shares of GOOG,GOOG,2.0,65.71923065185547,,,
2020-05-01,buy,93.50933074951172,Bought 2 shares of TSLA,TSLA,2.0,46.75466537475586,,,
2020-05-01,buy,68.7820873260498,Bought 3 shares of AVGO,AVGO,3.0,22.9273624420166,,,
2020-06-01,deposit,1500.0,Monthly investment,,,,,,
2020-06-01,buy,313.27069091796875,Bought 4 shares of AAPL,AAPL,4.0,78.31767272949219,,,
2020-06-01,buy,280.7914123535156,Bought 32 shares of NVDA,NVDA,32.0,8.774731636047363,,,
2020-06-01,buy,175.4883575439453,Bought 1 shares of MSFT,MSFT,1.0,175.4883575439453,,,
2020-06-01,buy,123.552001953125,Bought 1 shares of AMZN,AMZN,1.0,123.552001953125,,,
2020-06-01,buy,142.80426025390625,Bought 2 shares of GOOGL,GOOGL,2.0,71.40213012695312,,,
2020-06-01,buy,142.5070343017578,Bought 2 shares of GOOG,GOOG,2.0,71.2535171508789,,,
2020-06-01,buy,59.87333297729492,Bought 1 shares of TSLA,TSLA,1.0,59.87333297729492,,,
2020-06-01,buy,76.80445289611816,Bought 3 shares of AVGO,AVGO,3.0,25.601484298706055,,,
2020-07-01,deposit,1500.0,Monthly investment,,,,,,
2020-07-01,buy,354.4041748046875,Bought 4 shares of AAPL,AAPL,4.0,88.60104370117188,,,
2020-07-01,buy,313.5073642730713,Bought 33 shares of NVDA,NVDA,33.0,9.500223159790039,,,
2020-07-01,buy,196.48019409179688,Bought 1 shares of MSFT,MSFT,1.0,196.48019409179688,,,
2020-07-01,buy,143.93499755859375,Bought 1 shares of AMZN,AMZN,1.0,143.93499755859375,,,
2020-07-01,buy,215.2708282470703,Bought 3 shares of GOOGL,GOOGL,3.0,71.75694274902344,,,
2020-07-01,buy,214.68912506103516,Bought 3 shares of GOOG,GOOG,3.0,71.56304168701172,,,
2020-07-01,buy,74.64199829101562,Bought 1 shares of TSLA,TSLA,1.0,74.64199829101562,,,
2020-07-01,buy,83.68051528930664,Bought 3 shares of AVGO,AVGO,3.0,27.893505096435547,,,
2020-08-01,deposit,1500.0,Monthly investment,,,,,,
2020-07-31,buy,310.2825164794922,Bought 3 shares of AAPL,AAPL,3.0,103.42750549316406,,,
2020-07-31,buy,296.2844047546387,Bought 28 shares of NVDA,NVDA,28.0,10.581585884094238,,,
2020-07-31,buy,196.77769470214844,Bought 1 shares of MSFT,MSFT,1.0,196.77769470214844,,,
2020-07-31,buy,158.23399353027344,Bought 1 shares of AMZN,AMZN,1.0,158.23399353027344,,,
2020-07-31,buy,148.08700561523438,Bought 2 shares of GOOGL,GOOGL,2.0,74.04350280761719,,,
2020-07-31,buy,147.59690856933594,Bought 2 shares of GOOG,GOOG,2.0,73.79845428466797,,,
2020-07-31,buy,95.38400268554688,Bought 1 shares of TSLA,TSLA,1.0,95.38400268554688,,,
2020-07-31,buy,84.75618553161621,Bought 3 shares of AVGO,AVGO,3.0,28.25206184387207,,,
2020-09-01,deposit,1500.0,Monthly investment,,,,,,
2020-09-01,buy,261.677490234375,Bought 2 shares of AAPL,AAPL,2.0,130.8387451171875,,,
2020-09-01,buy,303.20266914367676,Bought 22 shares of NVDA,NVDA,22.0,13.781939506530762,,,
2020-09-01,buy,218.67117309570312,Bought 1 shares of MSFT,MSFT,1.0,218.67117309570312,,,
2020-09-01,buy,174.95599365234375,Bought 1 shares of AMZN,AMZN,1.0,174.95599365234375,,,
2020-09-01,buy,164.72047424316406,Bought 2 shares of GOOGL,GOOGL,2.0,82.36023712158203,,,
2020-09-01,buy,165.28811645507812,Bought 2 shares of GOOG,GOOG,2.0,82.64405822753906,,,
2020-09-01,buy,96.20597076416016,Bought 3 shares of AVGO,AVGO,3.0,32.06865692138672,,,
2020-10-01,deposit,1500.0,Monthly investment,,,,,,
2020-10-01,sell,227.76356506347656,Sold 2 shares of AAPL for tax-loss harvesting,AAPL,2.0,113.88178253173828,-33.91392517089844,-12.960199649011827,1.0
2020-10-01,sell,148.08201599121094,Sold 2 shares of GOOGL for tax-loss harvesting,GOOGL,2.0,74.04100799560547,-16.638458251953125,-10.101026195074603,1.0
2020-10-01,sell,148.30654907226562,Sold 2 shares of GOOG for tax-loss harvesting,GOOG,2.0,74.15327453613281,-16.9815673828125,-10.273919109863982,1.0
2020-10-01,buy,651.6492004394531,Bought 48 shares of NVDA,NVDA,48.0,13.576025009155273,,,
2020-10-01,buy,613.2647552490234,Bought 3 shares of MSFT,MSFT,3.0,204.4215850830078,,,
2020-10-01,buy,322.1260070800781,Bought 2 shares of AMZN,AMZN,2.0,161.06300354003906,,,
2020-10-01,buy,265.6153564453125,Bought 1 shares of META,META,1.0,265.6153564453125,,,
2020-10-01,buy,149.3866729736328,Bought 1 shares of TSLA,TSLA,1.0,149.3866729736328,,,
2020-10-01,buy,199.05894470214844,Bought 6 shares of AVGO,AVGO,6.0,33.176490783691406,,,
2020-11-01,deposit,1500.0,Monthly investment,,,,,,
2020-11-02,sell,194.67483520507812,Sold 1 shares of MSFT for tax-loss harvesting,MSFT,1.0,194.67483520507812,-23.996337890625,-10.973708857418906,2.0
2020-11-02,sell,150.2239990234375,Sold 1 shares of AMZN for tax-loss harvesting,AMZN,1.0,150.2239990234375,-24.73199462890625,-14.136123097360908,2.0
2020-11-02,sell,133.50332641601562,Sold 1 shares of TSLA for tax-loss harvesting,TSLA,1.0,133.50332641601562,-15.883346557617188,-10.6323718451248,1.0
2020-11-02,buy,530.3074645996094,Bought 5 shares of AAPL,AAPL,5.0,106.06149291992188,,,
2020-11-02,buy,539.4433689117432,Bought 43 shares of NVDA,NVDA,43.0,12.545194625854492,,,
2020-11-02,buy,323.3182373046875,Bought 4 shares of GOOGL,GOOGL,4.0,80.82955932617188,,,
2020-11-02,buy,323.67291259765625,Bought 4 shares of GOOG,GOOG,4.0,80.91822814941406,,,
2020-11-02,buy,158.07435989379883,Bought 5 shares of AVGO,AVGO,5.0,31.614871978759766,,,
2020-12-01,deposit,1500.0,Monthly investment,,,,,,
2020-12-01,buy,359.6117248535156,Bought 3 shares of AAPL,AAPL,3.0,119.87057495117188,,,
2020-12-01,buy,307.09964656829834,Bought 23 shares of NVDA,NVDA,23.0,13.352158546447754,,,
2020-12-01,buy,208.57427978515625,Bought 1 shares of MSFT,MSFT,1.0,208.57427978515625,,,
2020-12-01,buy,161.00399780273438,Bought 1 shares of AMZN,AMZN,1.0,161.00399780273438,,,
2020-12-01,buy,178.68173217773438,Bought 2 shares of GOOGL,GOOGL,2.0,89.34086608886719,,,
2020-12-01,buy,178.96234130859375,Bought 2 shares of GOOG,GOOG,2.0,89.48117065429688,,,
2020-12-01,buy,72.82805633544922,Bought 2 shares of AVGO,AVGO,2.0,36.41402816772461,,,
2021-01-01,deposit,1500.0,Monthly investment,,,,,,
2020-12-31,buy,259.2181396484375,Bought 2 shares of AAPL,AAPL,2.0,129.60906982421875,,,
2020-12-31,buy,312.52684020996094,Bought 24 shares of NVDA,NVDA,24.0,13.021951675415039,,,
2020-12-31,buy,214.56497192382812,Bought 1 shares of MSFT,MSFT,1.0,214.56497192382812,,,
2020-12-31,buy,162.84649658203125,Bought 1 shares of AMZN,AMZN,1.0,162.84649658203125,,,
2020-12-31,buy,174.4300537109375,Bought 2 shares of GOOGL,GOOGL,2.0,87.21502685546875,,,
2020-12-31,buy,174.3621368408203,Bought 2 shares of GOOG,GOOG,2.0,87.18106842041016,,,
2020-12-31,buy,79.4905014038086,Bought 2 shares of AVGO,AVGO,2.0,39.7452507019043,,,
2021-02-01,deposit,1500.0,Monthly investment,,,,,,
2021-02-01,buy,393.0762634277344,Bought 3 shares of AAPL,AAPL,3.0,131.02542114257812,,,
2021-02-01,buy,330.0872802734375,Bought 25 shares of NVDA,NVDA,25.0,13.2034912109375,,,
2021-02-01,buy,231.1864776611328,Bought 1 shares of MSFT,MSFT,1.0,231.1864776611328,,,
2021-02-01,buy,167.1439971923828,Bought 1 shares of AMZN,AMZN,1.0,167.1439971923828,,,
2021-02-01,buy,188.40625,Bought 2 shares of GOOGL,GOOGL,2.0,94.203125,,,
2021-02-01,buy,189.23867797851562,Bought 2 shares of GOOG,GOOG,2.0,94.61933898925781,,,
2021-02-01,buy,84.73540496826172,Bought 2 shares of AVGO,AVGO,2.0,42.36770248413086,,,
2021-03-01,deposit,1500.0,Monthly investment,,,,,,
2021-03-01,buy,375.0281753540039,Bought 3 shares of AAPL,AAPL,3.0,125.00939178466797,,,
2021-03-01,buy,317.5542917251587,Bought 23 shares of NVDA,NVDA,23.0,13.806708335876465,,,
2021-03-01,buy,229.0986328125,Bought 1 shares of MSFT,MSFT,1.0,229.0986328125,,,
2021-03-01,buy,157.3070068359375,Bought 1 shares of AMZN,AMZN,1.0,157.3070068359375,,,
2021-03-01,buy,205.98121643066406,Bought 2 shares of GOOGL,GOOGL,2.0,102.99060821533203,,,
2021-03-01,buy,207.16973876953125,Bought 2 shares of GOOG,GOOG,2.0,103.58486938476562,,,
2021-03-01,buy,88.88191986083984,Bought 2 shares of AVGO,AVGO,2.0,44.44095993041992,,,
2021-04-01,deposit,1500.0,Monthly investment,,,,,,
2021-04-01,buy,360.9708023071289,Bought 3 shares of AAPL,AAPL,3.0,120.32360076904297,,,
2021-04-01,buy,303.1938781738281,Bought 22 shares of NVDA,NVDA,22.0,13.781539916992188,,,
2021-04-01,buy,234.32958984375,Bought 1 shares of MSFT,MSFT,1.0,234.32958984375,,,
2021-04-01,buy,158.0500030517578,Bought 1 shares of AMZN,AMZN,1.0,158.0500030517578,,,
2021-04-01,buy,211.96461486816406,Bought 2 shares of GOOGL,GOOGL,2.0,105.98230743408203,,,
2021-04-01,buy,212.76722717285156,Bought 2 shares of GOOG,GOOG,2.0,106.38361358642578,,,
2021-04-01,buy,87.0828628540039,Bought 2 shares of AVGO,AVGO,2.0,43.54143142700195,,,
2021-05-01,deposit,1500.0,Monthly investment,,,,,,
2021-04-30,buy,257.19903564453125,Bought 2 shares of AAPL,AAPL,2.0,128.59951782226562,,,
2021-04-30,buy,299.53346252441406,Bought 20 shares of NVDA,NVDA,20.0,14.976673126220703,,,
2021-04-30,buy,243.83424377441406,Bought 1 shares of MSFT,MSFT,1.0,243.83424377441406,,,
2021-04-30,buy,173.37100219726562,Bought 1 shares of AMZN,AMZN,1.0,173.37100219726562,,,
2021-04-30,buy,117.11508178710938,Bought 1 shares of GOOGL,GOOGL,1.0,117.11508178710938,,,
2021-04-30,buy,119.93790435791016,Bought 1 shares of GOOG,GOOG,1.0,119.93790435791016,,,
2021-04-30,buy,83.46928405761719,Bought 2 shares of AVGO,AVGO,2.0,41.734642028808594,,,
2021-06-01,deposit,1500.0,Monthly investment,,,,,,
2021-06-01,buy,365.3467483520508,Bought 3 shares of AAPL,AAPL,3.0,121.7822494506836,,,
2021-06-01,buy,324.57847595214844,Bought 20 shares of NVDA,NVDA,20.0,16.228923797607422,,,
2021-06-01,buy,239.7648162841797,Bought 1 shares of MSFT,MSFT,1.0,239.7648162841797,,,
2021-06-01,buy,160.9324951171875,Bought 1 shares of AMZN,AMZN,1.0,160.9324951171875,,,
2021-06-01,buy,236.9849853515625,Bought 2 shares of GOOGL,GOOGL,2.0,118.49249267578125,,,
2021-06-01,buy,120.91778564453125,Bought 1 shares of GOOG,GOOG,1.0,120.91778564453125,,,
2021-06-01,buy,85.68501281738281,Bought 2 shares of AVGO,AVGO,2.0,42.842506408691406,,,
2021-07-01,deposit,1500.0,Monthly investment,,,,,,
2021-07-01,buy,269.02239990234375,Bought 2 shares of AAPL,AAPL,2.0,134.51119995117188,,,
2021-07-01,buy,322.75860595703125,Bought 16 shares of NVDA,NVDA,16.0,20.172412872314453,,,
2021-07-01,buy,263.2179260253906,Bought 1 shares of MSFT,MSFT,1.0,263.2179260253906,,,
2021-07-01,buy,171.64849853515625,Bought 1 shares of AMZN,AMZN,1.0,171.64849853515625,,,
2021-07-01,buy,121.86188507080078,Bought 1 shares of GOOGL,GOOGL,1.0,121.86188507080078,,,
2021-07-01,buy,125.77278137207031,Bought 1 shares of GOOG,GOOG,1.0,125.77278137207031,,,
2021-07-01,buy,86.60095977783203,Bought 2 shares of AVGO,AVGO,2.0,43.300479888916016,,,
2021-08-01,deposit,1500.0,Monthly investment,,,,,,
2021-08-02,buy,285.19073486328125,Bought 2 shares of AAPL,AAPL,2.0,142.59536743164062,,,
2021-08-02,buy,335.0924549102783,Bought 17 shares of NVDA,NVDA,17.0,19.711320877075195,,,
2021-08-02,buy,276.0299987792969,Bought 1 shares of MSFT,MSFT,1.0,276.0299987792969,,,
2021-08-02,buy,166.57400512695312,Bought 1 shares of AMZN,AMZN,1.0,166.57400512695312,,,
2021-08-02,buy,134.2128448486328,Bought 1 shares of GOOGL,GOOGL,1.0,134.2128448486328,,,
2021-08-02,buy,135.3484344482422,Bought 1 shares of GOOG,GOOG,1.0,135.3484344482422,,,
2021-08-02,buy,89.37432861328125,Bought 2 shares of AVGO,AVGO,2.0,44.687164306640625,,,
2021-09-01,deposit,1500.0,Monthly investment,,,,,,
2021-09-01,buy,299.3376159667969,Bought 2 shares of AAPL,AAPL,2.0,149.66880798339844,,,
2021-09-01,buy,358.41595458984375,Bought 16 shares of NVDA,NVDA,16.0,22.400997161865234,,,
2021-09-01,buy,293.074951171875,Bought 1 shares of MSFT,MSFT,1.0,293.074951171875,,,
2021-09-01,buy,173.9499969482422,Bought 1 shares of AMZN,AMZN,1.0,173.9499969482422,,,
2021-09-01,buy,144.5245361328125,Bought 1 shares of GOOGL,GOOGL,1.0,144.5245361328125,,,
2021-09-01,buy,145.1544952392578,Bought 1 shares of GOOG,GOOG,1.0,145.1544952392578,,,
2021-09-01,buy,90.93804168701172,Bought 2 shares of AVGO,AVGO,2.0,45.46902084350586,,,
2021-10-01,deposit,1500.0,Monthly investment,,,,,,
2021-10-01,buy,419.9773864746094,Bought 3 shares of AAPL,AAPL,3.0,139.99246215820312,,,
2021-10-01,buy,351.98545265197754,Bought 17 shares of NVDA,NVDA,17.0,20.705026626586914,,,
2021-10-01,buy,280.71429443359375,Bought 1 shares of MSFT,MSFT,1.0,280.71429443359375,,,
2021-10-01,buy,164.16299438476562,Bought 1 shares of AMZN,AMZN,1.0,164.16299438476562,,,
2021-10-01,buy,135.89329528808594,Bought 1 shares of GOOGL,GOOGL,1.0,135.89329528808594,,,
2021-10-01,buy,135.81919860839844,Bought 1 shares of GOOG,GOOG,1.0,135.81919860839844,,,
2021-10-01,buy,90.5252914428711,Bought 2 shares of AVGO,AVGO,2.0,45.26264572143555,,,
2021-11-01,deposit,1500.0,Monthly investment,,,,,,
2021-11-01,buy,292.369873046875,Bought 2 shares of AAPL,AAPL,2.0,146.1849365234375,,,
2021-11-01,buy,335.15255546569824,Bought 13 shares of NVDA,NVDA,13.0,25.78096580505371,,,
2021-11-01,buy,319.816162109375,Bought 1 shares of MSFT,MSFT,1.0,319.816162109375,,,
2021-11-01,buy,165.90550231933594,Bought 1 shares of AMZN,AMZN,1.0,165.90550231933594,,,
2021-11-01,buy,142.81419372558594,Bought 1 shares of GOOGL,GOOGL,1.0,142.81419372558594,,,
2021-11-01,buy,143.0962371826172,Bought 1 shares of GOOG,GOOG,1.0,143.0962371826172,,,
2021-11-01,buy,98.08531951904297,Bought 2 shares of AVGO,AVGO,2.0,49.042659759521484,,,
2021-12-01,deposit,1500.0,Monthly investment,,,,,,
2021-12-01,buy,323.872802734375,Bought 2 shares of AAPL,AAPL,2.0,161.9364013671875,,,
2021-12-01,buy,345.2108955383301,Bought 11 shares of NVDA,NVDA,11.0,31.382808685302734,,,
2021-12-01,buy,321.0919189453125,Bought 1 shares of MSFT,MSFT,1.0,321.0919189453125,,,
2021-12-01,buy,172.18600463867188,Bought 1 shares of AMZN,AMZN,1.0,172.18600463867188,,,
2021-12-01,buy,140.38034057617188,Bought 1 shares of GOOGL,GOOGL,1.0,140.38034057617188,,,
2021-12-01,buy,140.95037841796875,Bought 1 shares of GOOG,GOOG,1.0,140.95037841796875,,,
2021-12-01,buy,103.04669952392578,Bought 2 shares of AVGO,AVGO,2.0,51.52334976196289,,,
2022-01-01,deposit,1500.0,Monthly investment,,,,,,
2021-12-31,buy,349.03253173828125,Bought 2 shares of AAPL,AAPL,2.0,174.51626586914062,,,
2021-12-31,buy,322.9838619232178,Bought 11 shares of NVDA,NVDA,11.0,29.36216926574707,,,
2021-12-31,buy,327.1620178222656,Bought 1 shares of MSFT,MSFT,1.0,327.1620178222656,,,
2021-12-31,buy,166.7169952392578,Bought 1 shares of AMZN,AMZN,1.0,166.7169952392578,,,
2021-12-31,buy,144.1627655029297,Bought 1 shares of GOOGL,GOOGL,1.0,144.1627655029297,,,
2021-12-31,buy,143.99746704101562,Bought 1 shares of GOOG,GOOG,1.0,143.99746704101562,,,
2021-12-31,buy,62.19529342651367,Bought 1 shares of AVGO,AVGO,1.0,62.19529342651367,,,
2022-02-01,deposit,1500.0,Monthly investment,,,,,,
2022-02-01,sell,270.56800842285156,Sold 11 shares of NVDA for tax-loss harvesting,NVDA,11.0,24.597091674804688,-74.64288711547852,-21.622401865120345,2.0
2022-02-01,sell,270.56800842285156,Sold 11 shares of NVDA for tax-loss harvesting,NVDA,11.0,24.597091674804688,-52.41585350036621,-16.228629253565284,1.0
2022-02-01,sell,151.19349670410156,Sold 1 shares of AMZN for tax-loss harvesting,AMZN,1.0,151.19349670410156,-22.177505493164062,-12.79193475961451,9.0
2022-02-01,sell,151.19349670410156,Sold 1 shares of AMZN for tax-loss harvesting,AMZN,1.0,151.19349670410156,-20.455001831054688,-11.916796246758421,7.0
2022-02-01,sell,151.19349670410156,Sold 1 shares of AMZN for tax-loss harvesting,AMZN,1.0,151.19349670410156,-22.756500244140625,-13.082207900763398,5.0
2022-02-01,sell,151.19349670410156,Sold 1 shares of AMZN for tax-loss harvesting,AMZN,1.0,151.19349670410156,-20.992507934570312,-12.19176203003408,2.0
2022-02-01,sell,55.40103530883789,Sold 1 shares of AVGO for tax-loss harvesting,AVGO,1.0,55.40103530883789,-6.794258117675781,-10.924071168992045,1.0
2022-02-01,buy,858.0358123779297,Bought 5 shares of AAPL,AAPL,5.0,171.60716247558594,,,
2022-02-01,buy,600.7049560546875,Bought 2 shares of MSFT,MSFT,2.0,300.35247802734375,,,
2022-02-01,buy,410.96717834472656,Bought 3 shares of GOOGL,GOOGL,3.0,136.9890594482422,,,
2022-02-01,buy,411.685546875,Bought 3 shares of GOOG,GOOG,3.0,137.228515625,,,
2022-02-01,buy,317.78607177734375,Bought 1 shares of META,META,1.0,317.78607177734375,,,
2022-03-01,deposit,1500.0,Monthly investment,,,,,,
2022-03-01,sell,287.5118103027344,Sold 1 shares of MSFT for tax-loss harvesting,MSFT,1.0,287.5118103027344,-32.304351806640625,-10.100912847422872,4.0
2022-03-01,sell,287.5118103027344,Sold 1 shares of MSFT for tax-loss harvesting,MSFT,1.0,287.5118103027344,-33.580108642578125,-10.458098339216503,3.0
2022-03-01,sell,287.5118103027344,Sold 1 shares of MSFT for tax-loss harvesting,MSFT,1.0,287.5118103027344,-39.65020751953125,-12.11944093738646,2.0
2022-03-01,sell,202.71563720703125,Sold 1 shares of META for tax-loss harvesting,META,1.0,202.71563720703125,-62.89971923828125,-23.68075403472828,17.0
2022-03-01,sell,202.71563720703125,Sold 1 shares of META for tax-loss harvesting,META,1.0,202.71563720703125,-115.0704345703125,-36.210030831979445,1.0
2022-03-01,buy,802.9887390136719,Bought 5 shares of AAPL,AAPL,5.0,160.59774780273438,,,
2022-03-01,buy,679.7025451660156,Bought 29 shares of NVDA,NVDA,29.0,23.438018798828125,,,
2022-03-01,buy,453.4259948730469,Bought 3 shares of AMZN,AMZN,3.0,151.14199829101562,,,
2022-03-01,buy,400.2707977294922,Bought 3 shares of GOOGL,GOOGL,3.0,133.42359924316406,,,
2022-03-01,buy,400.6065673828125,Bought 3 shares of GOOG,GOOG,3.0,133.5355224609375,,,
2022-03-01,buy,213.15451049804688,Bought 4 shares of AVGO,AVGO,4.0,53.28862762451172,,,
2022-04-01,deposit,1500.0,Monthly investment,,,,,,
2022-04-01,buy,343.0611877441406,Bought 2 shares of AAPL,AAPL,2.0,171.5305938720703,,,
2022-04-01,buy,320.06632232666016,Bought 12 shares of NVDA,NVDA,12.0,26.67219352722168,,,
2022-04-01,buy,301.61688232421875,Bought 1 shares of MSFT,MSFT,1.0,301.61688232421875,,,
2022-04-01,buy,163.55999755859375,Bought 1 shares of AMZN,AMZN,1.0,163.55999755859375,,,
2022-04-01,buy,139.48362731933594,Bought 1 shares of GOOGL,GOOGL,1.0,139.48362731933594,,,
2022-04-01,buy,140.03672790527344,Bought 1 shares of GOOG,GOOG,1.0,140.03672790527344,,,
2022-04-01,buy,58.999568939208984,Bought 1 shares of AVGO,AVGO,1.0,58.999568939208984,,,
2022-05-01,deposit,1500.0,Monthly investment,,,,,,
2022-05-02,sell,310.8826599121094,Sold 2 shares of AAPL for tax-loss harvesting,AAPL,2.0,155.4413299560547,-38.149871826171875,-10.930176518553925,4.0
2022-05-02,sell,312.062255859375,Sold 16 shares of NVDA for tax-loss harvesting,NVDA,16.0,19.503890991210938,-46.35369873046875,-12.932933965931849,8.0
2022-05-02,sell,253.5505828857422,Sold 13 shares of NVDA for tax-loss harvesting,NVDA,13.0,19.503890991210938,-81.60197257995605,-24.347710094756458,6.0
2022-05-02,sell,565.6128387451172,Sold 29 shares of NVDA for tax-loss harvesting,NVDA,29.0,19.503890991210938,-114.08970642089844,-16.78524043087588,2.0
2022-05-02,sell,234.04669189453125,Sold 12 shares of NVDA for tax-loss harvesting,NVDA,12.0,19.503890991210938,-86.0196304321289,-26.875564353920733,1.0
2022-05-02,sell,124.5,Sold 1 shares of AMZN for tax-loss harvesting,AMZN,1.0,124.5,-19.43499755859375,-13.50262124448368,22.0
2022-05-02,sell,124.5,Sold 1 shares of AMZN for tax-loss harvesting,AMZN,1.0,124.5,-33.73399353027344,-21.31905589794738,21.0
2022-05-02,sell,249.0,Sold 2 shares of AMZN for tax-loss harvesting,AMZN,2.0,124.5,-73.12600708007812,-22.70105656569963,19.0
2022-05-02,sell,124.5,Sold 1 shares of AMZN for tax-loss harvesting,AMZN,1.0,124.5,-36.503997802734375,-22.67272757255374,17.0
2022-05-02,sell,124.5,Sold 1 shares of AMZN for tax-loss harvesting,AMZN,1.0,124.5,-38.34649658203125,-23.547633745203,16.0
2022-05-02,sell,124.5,Sold 1 shares of AMZN for tax-loss harvesting,AMZN,1.0,124.5,-42.64399719238281,-25.513328572188897,15.0
2022-05-02,sell,124.5,Sold 1 shares of AMZN for tax-loss harvesting,AMZN,1.0,124.5,-32.8070068359375,-20.85540084692692,14.0
2022-05-02,sell,124.5,Sold 1 shares of AMZN for tax-loss harvesting,AMZN,1.0,124.5,-33.55000305175781,-21.227461185667263,13.0
2022-05-02,sell,124.5,Sold 1 shares of AMZN for tax-loss harvesting,AMZN,1.0,124.5,-36.4324951171875,-22.638370883803272,11.0
2022-05-02,sell,124.5,Sold 1 shares of AMZN for tax-loss harvesting,AMZN,1.0,124.5,-42.074005126953125,-25.258445995151966,9.0
2022-05-02,sell,124.5,Sold 1 shares of AMZN for tax-loss harvesting,AMZN,1.0,124.5,-39.662994384765625,-24.16074008238629,7.0
2022-05-02,sell,124.5,Sold 1 shares of AMZN for tax-loss harvesting,AMZN,1.0,124.5,-41.40550231933594,-24.957280946377757,6.0
2022-05-02,sell,124.5,Sold 1 shares of AMZN for tax-loss harvesting,AMZN,1.0,124.5,-42.21699523925781,-25.32255045664159,4.0
2022-05-02,sell,373.5,Sold 3 shares of AMZN for tax-loss harvesting,AMZN,3.0,124.5,-79.92599487304688,-17.62713116953629,2.0
2022-05-02,sell,124.5,Sold 1 shares of AMZN for tax-loss harvesting,AMZN,1.0,124.5,-39.05999755859375,-23.881143397914816,1.0
2022-05-02,sell,116.02827453613281,Sold 1 shares of GOOGL for tax-loss harvesting,GOOGL,1.0,116.02827453613281,-18.1845703125,-13.549053619278261,9.0
2022-05-02,sell,116.02827453613281,Sold 1 shares of GOOGL for tax-loss harvesting,GOOGL,1.0,116.02827453613281,-28.496261596679688,-19.71724826744485,8.0
2022-05-02,sell,116.02827453613281,Sold 1 shares of GOOGL for tax-loss harvesting,GOOGL,1.0,116.02827453613281,-19.865020751953125,-14.61810217335625,7.0
2022-05-02,sell,116.02827453613281,Sold 1 shares of GOOGL for tax-loss harvesting,GOOGL,1.0,116.02827453613281,-26.785919189453125,-18.755782244530707,6.0
2022-05-02,sell,116.02827453613281,Sold 1 shares of GOOGL for tax-loss harvesting,GOOGL,1.0,116.02827453613281,-24.352066040039062,-17.347205413585222,5.0
2022-05-02,sell,116.02827453613281,Sold 1 shares of GOOGL for tax-loss harvesting,GOOGL,1.0,116.02827453613281,-28.134490966796875,-19.515781948720402,4.0
2022-05-02,sell,348.08482360839844,Sold 3 shares of GOOGL for tax-loss harvesting,GOOGL,3.0,116.02827453613281,-62.882354736328125,-15.301064914624718,3.0
2022-05-02,sell,348.08482360839844,Sold 3 shares of GOOGL for tax-loss harvesting,GOOGL,3.0,116.02827453613281,-52.18597412109375,-13.037667103649575,2.0
2022-05-02,sell,116.02827453613281,Sold 1 shares of GOOGL for tax-loss harvesting,GOOGL,1.0,116.02827453613281,-23.455352783203125,-16.815846586427007,1.0
2022-05-02,sell,116.60469818115234,Sold 1 shares of GOOG for tax-loss harvesting,GOOG,1.0,116.60469818115234,-18.743736267089844,-13.848506148962903,9.0
2022-05-02,sell,116.60469818115234,Sold 1 shares of GOOG for tax-loss harvesting,GOOG,1.0,116.60469818115234,-28.54979705810547,-19.668558669882675,8.0
2022-05-02,sell,116.60469818115234,Sold 1 shares of GOOG for tax-loss harvesting,GOOG,1.0,116.60469818115234,-19.214500427246094,-14.147116625718304,7.0
2022-05-02,sell,116.60469818115234,Sold 1 shares of GOOG for tax-loss harvesting,GOOG,1.0,116.60469818115234,-26.491539001464844,-18.513092673189412,6.0
2022-05-02,sell,116.60469818115234,Sold 1 shares of GOOG for tax-loss harvesting,GOOG,1.0,116.60469818115234,-24.345680236816406,-17.27251853458859,5.0
2022-05-02,sell,116.60469818115234,Sold 1 shares of GOOG for tax-loss harvesting,GOOG,1.0,116.60469818115234,-27.39276885986328,-19.02309076871529,4.0
2022-05-02,sell,349.81409454345703,Sold 3 shares of GOOG for tax-loss harvesting,GOOG,3.0,116.60469818115234,-61.87145233154297,-15.028813326383062,3.0
2022-05-02,sell,349.81409454345703,Sold 3 shares of GOOG for tax-loss harvesting,GOOG,3.0,116.60469818115234,-50.79247283935547,-12.67889170444355,2.0
2022-05-02,sell,116.60469818115234,Sold 1 shares of GOOG for tax-loss harvesting,GOOG,1.0,116.60469818115234,-23.432029724121094,-16.732774376141858,1.0
2022-05-02,buy,3604.8490600585938,Bought 13 shares of MSFT,MSFT,13.0,277.29608154296875,,,
2022-05-02,buy,1472.2860870361328,Bought 7 shares of META,META,7.0,210.3265838623047,,,
2022-05-02,buy,1504.9000549316406,Bought 5 shares of TSLA,TSLA,5.0,300.9800109863281,,,
2022-05-02,buy,1138.939739227295,Bought 21 shares of AVGO,AVGO,21.0,54.235225677490234,,,
2022-05-02,buy,954.5700073242188,Bought 3 shares of BRK-B,BRK-B,3.0,318.19000244140625,,,
2022-06-01,deposit,1500.0,Monthly investment,,,,,,
2022-06-01,sell,732.7692413330078,Sold 5 shares of AAPL for tax-loss harvesting,AAPL,5.0,146.55384826660156,-125.26657104492188,-14.599224092729024,4.0
2022-06-01,sell,293.1076965332031,Sold 2 shares of AAPL for tax-loss harvesting,AAPL,2.0,146.55384826660156,-49.9534912109375,-14.561102507519285,2.0
2022-06-01,sell,310.9758644104004,Sold 17 shares of NVDA for tax-loss harvesting,NVDA,17.0,18.29269790649414,-41.00958824157715,-11.650932711166618,8.0
2022-06-01,sell,532.3369140625,Sold 2 shares of MSFT for tax-loss harvesting,MSFT,2.0,266.16845703125,-68.3680419921875,-11.381301469729067,4.0
2022-06-01,sell,266.16845703125,Sold 1 shares of MSFT for tax-loss harvesting,MSFT,1.0,266.16845703125,-35.44842529296875,-11.752798788916586,2.0
2022-06-01,sell,1315.4549407958984,Sold 7 shares of META for tax-loss harvesting,META,7.0,187.92213439941406,-156.83114624023438,-10.652219539474972,1.0
2022-06-01,sell,1233.949966430664,Sold 5 shares of TSLA for tax-loss harvesting,TSLA,5.0,246.7899932861328,-270.95008850097656,-18.004523796318438,1.0
2022-06-01,buy,1703.5759735107422,Bought 14 shares of AMZN,AMZN,14.0,121.68399810791016,,,
2022-06-01,buy,1700.251235961914,Bought 15 shares of GOOGL,GOOGL,15.0,113.35008239746094,,,
2022-06-01,buy,1703.9841842651367,Bought 15 shares of GOOG,GOOG,15.0,113.59894561767578,,,
2022-06-01,buy,755.6967086791992,Bought 14 shares of AVGO,AVGO,14.0,53.978336334228516,,,
2022-06-01,buy,624.4199829101562,Bought 2 shares of BRK-B,BRK-B,2.0,312.2099914550781,,,
2022-07-01,deposit,1500.0,Monthly investment,,,,,,
2022-07-01,sell,273.8311767578125,Sold 2 shares of AAPL for tax-loss harvesting,AAPL,2.0,136.91558837890625,-50.0416259765625,-15.451012111567842,7.0
2022-07-01,sell,684.5779418945312,Sold 5 shares of AAPL for tax-loss harvesting,AAPL,5.0,136.91558837890625,-118.41079711914062,-14.746258741384977,4.0
2022-07-01,sell,290.0884437561035,Sold 20 shares of NVDA for tax-loss harvesting,NVDA,20.0,14.504422187805176,-34.49003219604492,-10.626099618857566,13.0
2022-07-01,sell,232.0707550048828,Sold 16 shares of NVDA for tax-loss harvesting,NVDA,16.0,14.504422187805176,-90.68785095214844,-28.097732880969772,12.0
2022-07-01,sell,246.575177192688,Sold 17 shares of NVDA for tax-loss harvesting,NVDA,17.0,14.504422187805176,-88.51727771759033,-26.415777622116565,11.0
2022-07-01,sell,253.62313842773438,Sold 1 shares of MSFT for tax-loss harvesting,MSFT,1.0,253.62313842773438,-39.451812744140625,-13.46133901460721,10.0
2022-07-01,sell,109.55999755859375,Sold 1 shares of AMZN for tax-loss harvesting,AMZN,1.0,109.55999755859375,-13.99200439453125,-11.324789702589966,25.0
2022-07-01,sell,108.22010040283203,Sold 1 shares of GOOGL for tax-loss harvesting,GOOGL,1.0,108.22010040283203,-13.64178466796875,-11.194463847365387,12.0
2022-07-01,sell,108.5667724609375,Sold 1 shares of GOOG for tax-loss harvesting,GOOG,1.0,108.5667724609375,-12.35101318359375,-10.214389155208902,13.0
2022-07-01,sell,108.5667724609375,Sold 1 shares of GOOG for tax-loss harvesting,GOOG,1.0,108.5667724609375,-17.206008911132812,-13.680232498184742,12.0
2022-07-01,sell,90.67620849609375,Sold 2 shares of AVGO for tax-loss harvesting,AVGO,2.0,45.338104248046875,-12.370491027832031,-12.004742592420248,7.0
2022-07-01,sell,181.3524169921875,Sold 4 shares of AVGO for tax-loss harvesting,AVGO,4.0,45.338104248046875,-31.802093505859375,-14.919737532906097,4.0
2022-07-01,sell,45.338104248046875,Sold 1 shares of AVGO for tax-loss harvesting,AVGO,1.0,45.338104248046875,-13.66146469116211,-23.15519407478788,3.0
2022-07-01,sell,952.1001892089844,Sold 21 shares of AVGO for tax-loss harvesting,AVGO,21.0,45.338104248046875,-186.83955001831055,-16.404691449704835,2.0
2022-07-01,sell,634.7334594726562,Sold 14 shares of AVGO for tax-loss harvesting,AVGO,14.0,45.338104248046875,-120.96324920654297,-16.00685140179604,1.0
2022-07-01,sell,832.5,Sold 3 shares of BRK-B for tax-loss harvesting,BRK-B,3.0,277.5,-122.07000732421875,-12.787957550268791,2.0
2022-07-01,sell,555.0,Sold 2 shares of BRK-B for tax-loss harvesting,BRK-B,2.0,277.5,-69.41998291015625,-11.117514623189862,1.0
2022-07-01,buy,3826.1044921875,Bought 24 shares of META,META,24.0,159.4210205078125,,,
2022-07-01,buy,3408.9500427246094,Bought 15 shares of TSLA,TSLA,15.0,227.26333618164062,,,
2022-08-01,deposit,1500.0,Monthly investment,,,,,,
2022-08-01,buy,159.16818237304688,Bought 1 shares of AAPL,AAPL,1.0,159.16818237304688,,,
2022-08-01,buy,239.42635345458984,Bought 13 shares of NVDA,NVDA,13.0,18.41741180419922,,,
2022-08-01,buy,135.38999938964844,Bought 1 shares of AMZN,AMZN,1.0,135.38999938964844,,,
2022-08-01,buy,114.3134765625,Bought 1 shares of GOOGL,GOOGL,1.0,114.3134765625,,,
2022-08-01,buy,114.93560791015625,Bought 1 shares of GOOG,GOOG,1.0,114.93560791015625,,,
2022-08-01,buy,50.89150619506836,Bought 1 shares of AVGO,AVGO,1.0,50.89150619506836,,,
2022-09-01,deposit,1500.0,Monthly investment,,,,,,
2022-09-01,sell,180.94923973083496,Sold 13 shares of NVDA for tax-loss harvesting,NVDA,13.0,13.919172286987305,-58.47711372375488,-24.423841770135713,1.0
2022-09-01,buy,467.65782165527344,Bought 3 shares of AAPL,AAPL,3.0,155.8859405517578,,,
2022-09-01,buy,254.96435546875,Bought 1 shares of MSFT,MSFT,1.0,254.96435546875,,,
2022-09-01,buy,255.63999938964844,Bought 2 shares of AMZN,AMZN,2.0,127.81999969482422,,,
2022-09-01,buy,218.43565368652344,Bought 2 shares of GOOGL,GOOGL,2.0,109.21782684326172,,,
2022-09-01,buy,220.05770874023438,Bought 2 shares of GOOG,GOOG,2.0,110.02885437011719,,,
2022-09-01,buy,164.73074340820312,Bought 1 shares of META,META,1.0,164.73074340820312,,,
2022-09-01,buy,93.36512756347656,Bought 2 shares of AVGO,AVGO,2.0,46.68256378173828,,,
2022-10-01,deposit,1500.0,Monthly investment,,,,,,
2022-09-30,sell,136.38536071777344,Sold 1 shares of AAPL for tax-loss harvesting,AAPL,1.0,136.38536071777344,-22.782821655273438,-14.313678346767011,2.0
2022-09-30,sell,409.1560821533203,Sold 3 shares of AAPL for tax-loss harvesting,AAPL,3.0,136.38536071777344,-58.501739501953125,-12.509518026425049,1.0
2022-09-30,sell,266.7956123352051,Sold 22 shares of NVDA for tax-loss harvesting,NVDA,22.0,12.127073287963867,-36.40705680847168,-12.0074987833368,25.0
2022-09-30,sell,582.0995178222656,Sold 48 shares of NVDA for tax-loss harvesting,NVDA,48.0,12.127073287963867,-69.5496826171875,-10.672871626372782,24.0
2022-09-30,sell,278.92268562316895,Sold 23 shares of NVDA for tax-loss harvesting,NVDA,23.0,12.127073287963867,-38.631606101989746,-12.165354746779855,19.0
2022-09-30,sell,266.7956123352051,Sold 22 shares of NVDA for tax-loss harvesting,NVDA,22.0,12.127073287963867,-36.39826583862305,-12.004947480422102,18.0
2022-09-30,sell,242.54146575927734,Sold 20 shares of NVDA for tax-loss harvesting,NVDA,20.0,12.127073287963867,-56.99199676513672,-19.02692149478674,17.0
2022-09-30,sell,228.03839111328125,Sold 1 shares of MSFT for tax-loss harvesting,MSFT,1.0,228.03839111328125,-35.179534912109375,-13.36517441776206,15.0
2022-09-30,sell,228.03839111328125,Sold 1 shares of MSFT for tax-loss harvesting,MSFT,1.0,228.03839111328125,-47.991607666015625,-17.386373900754137,14.0
2022-09-30,sell,228.03839111328125,Sold 1 shares of MSFT for tax-loss harvesting,MSFT,1.0,228.03839111328125,-52.6759033203125,-18.764952253891575,12.0
2022-09-30,sell,2964.4990844726562,Sold 13 shares of MSFT for tax-loss harvesting,MSFT,13.0,228.03839111328125,-640.3499755859375,-17.763572480217217,5.0
2022-09-30,sell,228.03839111328125,Sold 1 shares of MSFT for tax-loss harvesting,MSFT,1.0,228.03839111328125,-26.92596435546875,-10.560677905727477,1.0
2022-09-30,sell,113.0,Sold 1 shares of AMZN for tax-loss harvesting,AMZN,1.0,113.0,-22.389999389648438,-16.537410067645155,2.0
2022-09-30,sell,226.0,Sold 2 shares of AMZN for tax-loss harvesting,AMZN,2.0,113.0,-29.639999389648438,-11.594429455646694,1.0
2022-09-30,sell,190.38975524902344,Sold 2 shares of GOOGL for tax-loss harvesting,GOOGL,2.0,95.19487762451172,-21.574859619140625,-10.178519481923697,18.0
2022-09-30,sell,95.19487762451172,Sold 1 shares of GOOGL for tax-loss harvesting,GOOGL,1.0,95.19487762451172,-21.920204162597656,-18.716807287420067,17.0
2022-09-30,sell,190.38975524902344,Sold 2 shares of GOOGL for tax-loss harvesting,GOOGL,2.0,95.19487762451172,-46.59523010253906,-19.661680267809356,16.0
2022-09-30,sell,1427.9231643676758,Sold 15 shares of GOOGL for tax-loss harvesting,GOOGL,15.0,95.19487762451172,-272.3280715942383,-16.016931253113842,4.0
2022-09-30,sell,95.19487762451172,Sold 1 shares of GOOGL for tax-loss harvesting,GOOGL,1.0,95.19487762451172,-19.11859893798828,-16.72471130517611,2.0
2022-09-30,sell,190.38975524902344,Sold 2 shares of GOOGL for tax-loss harvesting,GOOGL,2.0,95.19487762451172,-28.0458984375,-12.839432557904951,1.0
2022-09-30,sell,191.39346313476562,Sold 2 shares of GOOG for tax-loss harvesting,GOOG,2.0,95.69673156738281,-21.373764038085938,-10.045609148594082,18.0
2022-09-30,sell,95.69673156738281,Sold 1 shares of GOOG for tax-loss harvesting,GOOG,1.0,95.69673156738281,-24.241172790527344,-20.211436009577554,17.0
2022-09-30,sell,1435.4509735107422,Sold 15 shares of GOOG for tax-loss harvesting,GOOG,15.0,95.69673156738281,-268.53321075439453,-15.759137510434263,4.0
2022-09-30,sell,95.69673156738281,Sold 1 shares of GOOG for tax-loss harvesting,GOOG,1.0,95.69673156738281,-19.238876342773438,-16.738830282963512,2.0
2022-09-30,sell,191.39346313476562,Sold 2 shares of GOOG for tax-loss harvesting,GOOG,2.0,95.69673156738281,-28.66424560546875,-13.025785722101313,1.0
2022-09-30,sell,3243.927978515625,Sold 24 shares of META for tax-loss harvesting,META,24.0,135.16366577148438,-582.176513671875,-15.215907324554722,3.0
2022-09-30,sell,135.16366577148438,Sold 1 shares of META for tax-loss harvesting,META,1.0,135.16366577148438,-29.56707763671875,-17.948730774225595,1.0
2022-09-30,sell,84.96302795410156,Sold 2 shares of AVGO for tax-loss harvesting,AVGO,2.0,42.48151397705078,-13.122291564941406,-13.378446060313598,11.0
2022-09-30,sell,42.48151397705078,Sold 1 shares of AVGO for tax-loss harvesting,AVGO,1.0,42.48151397705078,-8.409992218017578,-16.525335653815944,2.0
2022-09-30,buy,9549.0,Bought 36 shares of TSLA,TSLA,36.0,265.25,,,
2022-09-30,buy,6675.499725341797,Bought 25 shares of BRK-B,BRK-B,25.0,267.0199890136719,,,
2022-11-01,deposit,1500.0,Monthly investment,,,,,,
2022-11-01,sell,96.79000091552734,Sold 1 shares of AMZN for tax-loss harvesting,AMZN,1.0,96.79000091552734,-17.512001037597656,-15.320817429583855,30.0
2022-11-01,sell,1355.0600128173828,Sold 14 shares of AMZN for tax-loss harvesting,AMZN,14.0,96.79000091552734,-348.5159606933594,-20.45790537742411,5.0
2022-11-01,sell,180.07904052734375,Sold 2 shares of GOOGL for tax-loss harvesting,GOOGL,2.0,90.03952026367188,-25.902175903320312,-12.57501841777855,20.0
2022-11-01,sell,180.14674377441406,Sold 2 shares of GOOG for tax-loss harvesting,GOOG,2.0,90.07337188720703,-27.022994995117188,-13.043891041045953,20.0
2022-11-01,sell,8201.520263671875,Sold 36 shares of TSLA for tax-loss harvesting,TSLA,36.0,227.82000732421875,-1347.479736328125,-14.111213072867578,1.0
2022-11-01,buy,3122.1096954345703,Bought 21 shares of AAPL,AAPL,21.0,148.67189025878906,,,
2022-11-01,buy,2787.117078781128,Bought 206 shares of NVDA,NVDA,206.0,13.529694557189941,,,
2022-11-01,buy,2680.8854370117188,Bought 12 shares of MSFT,MSFT,12.0,223.40711975097656,,,
2022-11-01,buy,1232.890396118164,Bought 13 shares of META,META,13.0,94.83772277832031,,,
2022-11-01,buy,850.5775337219238,Bought 19 shares of AVGO,AVGO,19.0,44.76723861694336,,,
2022-11-01,buy,588.260009765625,Bought 2 shares of BRK-B,BRK-B,2.0,294.1300048828125,,,
2022-12-01,deposit,1500.0,Monthly investment,,,,,,
2022-12-01,sell,2920.499954223633,Sold 15 shares of TSLA for tax-loss harvesting,TSLA,15.0,194.6999969482422,-488.45008850097656,-14.328461326191277,5.0
2022-12-01,buy,879.6324462890625,Bought 6 shares of AAPL,AAPL,6.0,146.60540771484375,,,
2022-12-01,buy,770.5145359039307,Bought 45 shares of NVDA,NVDA,45.0,17.12254524230957,,,
2022-12-01,buy,750.2289276123047,Bought 3 shares of MSFT,MSFT,3.0,250.07630920410156,,,
2022-12-01,buy,477.5,Bought 5 shares of AMZN,AMZN,5.0,95.5,,,
2022-12-01,buy,502.5473403930664,Bought 5 shares of GOOGL,GOOGL,5.0,100.50946807861328,,,
2022-12-01,buy,504.01275634765625,Bought 5 shares of GOOG,GOOG,5.0,100.80255126953125,,,
2022-12-01,buy,239.96334838867188,Bought 2 shares of META,META,2.0,119.98167419433594,,,
2022-12-01,buy,210.7762908935547,Bought 4 shares of AVGO,AVGO,4.0,52.69407272338867,,,
2023-01-01,deposit,1500.0,Monthly investment,,,,,,
2023-01-03,sell,247.26504516601562,Sold 2 shares of AAPL for tax-loss harvesting,AAPL,2.0,123.63252258300781,-37.925689697265625,-13.298359680389682,17.0
2023-01-03,sell,247.26504516601562,Sold 2 shares of AAPL for tax-loss harvesting,AAPL,2.0,123.63252258300781,-52.07257080078125,-17.395932894233123,16.0
2023-01-03,sell,370.89756774902344,Sold 3 shares of AAPL for tax-loss harvesting,AAPL,3.0,123.63252258300781,-49.07981872558594,-11.686300335733236,15.0
2023-01-03,sell,247.26504516601562,Sold 2 shares of AAPL for tax-loss harvesting,AAPL,2.0,123.63252258300781,-45.104827880859375,-15.427317257694273,14.0
2023-01-03,sell,2596.282974243164,Sold 21 shares of AAPL for tax-loss harvesting,AAPL,21.0,123.63252258300781,-525.8267211914062,-16.84203223097246,2.0
2023-01-03,sell,741.7951354980469,Sold 6 shares of AAPL for tax-loss harvesting,AAPL,6.0,123.63252258300781,-137.83731079101562,-15.669875681884504,1.0
2023-01-03,sell,643.7067747116089,Sold 45 shares of NVDA for tax-loss harvesting,NVDA,45.0,14.304594993591309,-126.80776119232178,-16.457543016181653,1.0
2023-01-03,sell,171.63999938964844,Sold 2 shares of AMZN for tax-loss harvesting,AMZN,2.0,85.81999969482422,-29.23199462890625,-14.552548637619477,35.0
2023-01-03,sell,514.9199981689453,Sold 6 shares of AMZN for tax-loss harvesting,AMZN,6.0,85.81999969482422,-71.2650146484375,-12.157426936918137,34.0
2023-01-03,sell,41279.41985321045,Sold 481 shares of AMZN for tax-loss harvesting,AMZN,481.0,85.81999969482422,-4600.766174316406,-10.027784480987222,33.0
2023-01-03,sell,429.0999984741211,Sold 5 shares of AMZN for tax-loss harvesting,AMZN,5.0,85.81999969482422,-48.400001525878906,-10.136125974006049,1.0
2023-01-03,sell,443.4797668457031,Sold 5 shares of GOOGL for tax-loss harvesting,GOOGL,5.0,88.69595336914062,-59.06757354736328,-11.753633697705713,1.0
2023-01-03,sell,446.38572692871094,Sold 5 shares of GOOG for tax-loss harvesting,GOOG,5.0,89.27714538574219,-57.62702941894531,-11.433645020523153,1.0
2023-01-03,buy,20230.64178466797,Bought 86 shares of MSFT,MSFT,86.0,235.24002075195312,,,
2023-01-03,buy,9195.633102416992,Bought 74 shares of META,META,74.0,124.26531219482422,,,
2023-01-03,buy,8431.799880981445,Bought 78 shares of TSLA,TSLA,78.0,108.0999984741211,,,
2023-01-03,buy,6407.653656005859,Bought 120 shares of AVGO,AVGO,120.0,53.39711380004883,,,
2023-01-03,buy,5888.290069580078,Bought 19 shares of BRK-B,BRK-B,19.0,309.9100036621094,,,
2023-02-01,deposit,1500.0,Monthly investment,,,,,,
2023-02-01,buy,287.51702880859375,Bought 2 shares of AAPL,AAPL,2.0,143.75851440429688,,,
2023-02-01,buy,251.13333892822266,Bought 12 shares of NVDA,NVDA,12.0,20.927778244018555,,,
2023-02-01,buy,248.17144775390625,Bought 1 shares of MSFT,MSFT,1.0,248.17144775390625,,,
2023-02-01,buy,105.1500015258789,Bought 1 shares of AMZN,AMZN,1.0,105.1500015258789,,,
2023-02-01,buy,99.95213317871094,Bought 1 shares of GOOGL,GOOGL,1.0,99.95213317871094,,,
2023-02-01,buy,100.95184326171875,Bought 1 shares of GOOG,GOOG,1.0,100.95184326171875,,,
2023-02-01,buy,58.15045166015625,Bought 1 shares of AVGO,AVGO,1.0,58.15045166015625,,,
2023-03-01,deposit,1500.0,Monthly investment,,,,,,
2023-03-01,sell,92.16999816894531,Sold 1 shares of AMZN for tax-loss harvesting,AMZN,1.0,92.16999816894531,-12.980003356933594,-12.344273103732705,1.0
2023-03-01,sell,89.9300537109375,Sold 1 shares of GOOGL for tax-loss harvesting,GOOGL,1.0,89.9300537109375,-10.022079467773438,-10.026879016032908,1.0
2023-03-01,sell,90.08332824707031,Sold 1 shares of GOOG for tax-loss harvesting,GOOG,1.0,90.08332824707031,-10.868515014648438,-10.766039196007238,1.0
2023-03-01,buy,575.436767578125,Bought 4 shares of AAPL,AAPL,4.0,143.85919189453125,,,
2023-03-01,buy,521.6745319366455,Bought 23 shares of NVDA,NVDA,23.0,22.681501388549805,,,
2023-03-01,buy,484.8290100097656,Bought 2 shares of MSFT,MSFT,2.0,242.4145050048828,,,
2023-03-01,buy,172.76007080078125,Bought 1 shares of META,META,1.0,172.76007080078125,,,
2023-03-01,buy,202.77000427246094,Bought 1 shares of TSLA,TSLA,1.0,202.77000427246094,,,
2023-03-01,buy,114.52961730957031,Bought 2 shares of AVGO,AVGO,2.0,57.264808654785156,,,
2023-04-01,deposit,1500.0,Monthly investment,,,,,,
2023-03-31,buy,163.25364685058594,Bought 1 shares of AAPL,AAPL,1.0,163.25364685058594,,,
2023-03-31,buy,249.85373497009277,Bought 9 shares of NVDA,NVDA,9.0,27.761526107788086,,,
2023-03-31,buy,103.29000091552734,Bought 1 shares of AMZN,AMZN,1.0,103.29000091552734,,,
2023-03-31,buy,103.23643493652344,Bought 1 shares of GOOGL,GOOGL,1.0,103.23643493652344,,,
2023-03-31,buy,103.50973510742188,Bought 1 shares of GOOG,GOOG,1.0,103.50973510742188,,,
2023-03-31,buy,62.338199615478516,Bought 1 shares of AVGO,AVGO,1.0,62.338199615478516,,,
2023-05-01,deposit,1500.0,Monthly investment,,,,,,
2023-05-01,sell,161.8300018310547,Sold 1 shares of TSLA for tax-loss harvesting,TSLA,1.0,161.8300018310547,-40.94000244140625,-20.190364244602666,2.0
2023-05-01,buy,503.69041442871094,Bought 3 shares of AAPL,AAPL,3.0,167.8968048095703,,,
2023-05-01,buy,404.5145454406738,Bought 14 shares of NVDA,NVDA,14.0,28.893896102905273,,,
2023-05-01,buy,300.7762756347656,Bought 1 shares of MSFT,MSFT,1.0,300.7762756347656,,,
2023-05-01,buy,306.15000915527344,Bought 3 shares of AMZN,AMZN,3.0,102.05000305175781,,,
2023-05-01,buy,213.3798370361328,Bought 2 shares of GOOGL,GOOGL,2.0,106.6899185180664,,,
2023-05-01,buy,214.40447998046875,Bought 2 shares of GOOG,GOOG,2.0,107.20223999023438,,,
2023-05-01,buy,123.97871398925781,Bought 2 shares of AVGO,AVGO,2.0,61.989356994628906,,,
2023-06-01,deposit,1500.0,Monthly investment,,,,,,
2023-06-01,buy,357.0771179199219,Bought 2 shares of AAPL,AAPL,2.0,178.53855895996094,,,
2023-06-01,buy,317.9827880859375,Bought 8 shares of NVDA,NVDA,8.0,39.74784851074219,,,
2023-06-01,buy,122.7699966430664,Bought 1 shares of AMZN,AMZN,1.0,122.7699966430664,,,
2023-06-01,buy,123.13130950927734,Bought 1 shares of GOOGL,GOOGL,1.0,123.13130950927734,,,
2023-06-01,buy,123.78369903564453,Bought 1 shares of GOOG,GOOG,1.0,123.78369903564453,,,
2023-06-01,buy,76.75914764404297,Bought 1 shares of AVGO,AVGO,1.0,76.75914764404297,,,
2023-07-01,deposit,1500.0,Monthly investment,,,,,,
2023-06-30,buy,384.5980529785156,Bought 2 shares of AAPL,AAPL,2.0,192.2990264892578,,,
2023-06-30,buy,338.2624816894531,Bought 8 shares of NVDA,NVDA,8.0,42.28281021118164,,,
2023-06-30,buy,335.94146728515625,Bought 1 shares of MSFT,MSFT,1.0,335.94146728515625,,,
2023-06-30,buy,260.7200012207031,Bought 2 shares of AMZN,AMZN,2.0,130.36000061035156,,,
2023-06-30,buy,238.2608642578125,Bought 2 shares of GOOGL,GOOGL,2.0,119.13043212890625,,,
2023-06-30,buy,240.79946899414062,Bought 2 shares of GOOG,GOOG,2.0,120.39973449707031,,,
2023-06-30,buy,84.73688507080078,Bought 1 shares of AVGO,AVGO,1.0,84.73688507080078,,,
2023-08-01,deposit,1500.0,Monthly investment,,,,,,
2023-08-01,buy,193.9248809814453,Bought 1 shares of AAPL,AAPL,1.0,193.9248809814453,,,
2023-08-01,buy,278.9153823852539,Bought 6 shares of NVDA,NVDA,6.0,46.485897064208984,,,
2023-08-01,buy,131.69000244140625,Bought 1 shares of AMZN,AMZN,1.0,131.69000244140625,,,
2023-08-01,buy,130.924072265625,Bought 1 shares of GOOGL,GOOGL,1.0,130.924072265625,,,
2023-08-01,buy,131.26824951171875,Bought 1 shares of GOOG,GOOG,1.0,131.26824951171875,,,
2023-08-01,buy,89.872314453125,Bought 1 shares of AVGO,AVGO,1.0,89.872314453125,,,
2023-09-01,deposit,1500.0,Monthly investment,,,,,,
2023-09-01,buy,376.16302490234375,Bought 2 shares of AAPL,AAPL,2.0,188.08151245117188,,,
2023-09-01,buy,387.8959655761719,Bought 8 shares of NVDA,NVDA,8.0,48.486995697021484,,,
2023-09-01,buy,324.9083251953125,Bought 1 shares of MSFT,MSFT,1.0,324.9083251953125,,,
2023-09-01,buy,276.239990234375,Bought 2 shares of AMZN,AMZN,2.0,138.1199951171875,,,
2023-09-01,buy,270.0290222167969,Bought 2 shares of GOOGL,GOOGL,2.0,135.01451110839844,,,
2023-09-01,buy,272.3102111816406,Bought 2 shares of GOOG,GOOG,2.0,136.1551055908203,,,
2023-09-01,buy,85.23412322998047,Bought 1 shares of AVGO,AVGO,1.0,85.23412322998047,,,
2023-10-01,deposit,1500.0,Monthly investment,,,,,,
2023-10-02,sell,344.9715881347656,Sold 2 shares of AAPL for tax-loss harvesting,AAPL,2.0,172.4857940673828,-39.62646484375,-10.303345151350419,3.0
2023-10-02,sell,172.4857940673828,Sold 1 shares of AAPL for tax-loss harvesting,AAPL,1.0,172.4857940673828,-21.4390869140625,-11.055356489358259,2.0
2023-10-02,buy,447.65369415283203,Bought 10 shares of NVDA,NVDA,10.0,44.7653694152832,,,
2023-10-02,buy,318.1265869140625,Bought 1 shares of MSFT,MSFT,1.0,318.1265869140625,,,
2023-10-02,buy,258.9200134277344,Bought 2 shares of AMZN,AMZN,2.0,129.4600067138672,,,
2023-10-02,buy,267.06317138671875,Bought 2 shares of GOOGL,GOOGL,2.0,133.53158569335938,,,
2023-10-02,buy,269.06561279296875,Bought 2 shares of GOOG,GOOG,2.0,134.53280639648438,,,
2023-10-02,buy,82.00823974609375,Bought 1 shares of AVGO,AVGO,1.0,82.00823974609375,,,
2023-11-01,deposit,1500.0,Monthly investment,,,,,,
2023-11-01,sell,338.47430419921875,Sold 8 shares of NVDA for tax-loss harvesting,NVDA,8.0,42.309288024902344,-49.421661376953125,-12.740957824488664,2.0
2023-11-01,buy,518.1126251220703,Bought 3 shares of AAPL,AAPL,3.0,172.70420837402344,,,
2023-11-01,buy,342.1195983886719,Bought 1 shares of MSFT,MSFT,1.0,342.1195983886719,,,
2023-11-01,buy,274.0,Bought 2 shares of AMZN,AMZN,2.0,137.0,,,
2023-11-01,buy,251.6966552734375,Bought 2 shares of GOOGL,GOOGL,2.0,125.84832763671875,,,
2023-11-01,buy,253.93724060058594,Bought 2 shares of GOOG,GOOG,2.0,126.96862030029297,,,
2023-11-01,buy,205.66000366210938,Bought 1 shares of TSLA,TSLA,1.0,205.66000366210938,,,
2023-11-01,buy,83.77519989013672,Bought 1 shares of AVGO,AVGO,1.0,83.77519989013672,,,
2023-12-01,deposit,1500.0,Monthly investment,,,,,,
2023-12-01,buy,380.1973571777344,Bought 2 shares of AAPL,AAPL,2.0,190.0986785888672,,,
2023-12-01,buy,327.2334175109863,Bought 7 shares of NVDA,NVDA,7.0,46.74763107299805,,,
2023-12-01,buy,147.02999877929688,Bought 1 shares of AMZN,AMZN,1.0,147.02999877929688,,,
2023-12-01,buy,262.46514892578125,Bought 2 shares of GOOGL,GOOGL,2.0,131.23257446289062,,,
2023-12-01,buy,132.69151306152344,Bought 1 shares of GOOG,GOOG,1.0,132.69151306152344,,,
2023-12-01,buy,91.34398651123047,Bought 1 shares of AVGO,AVGO,1.0,91.34398651123047,,,
2024-01-01,deposit,1500.0,Monthly investment,,,,,,
2024-01-02,buy,369.0641784667969,Bought 2 shares of AAPL,AAPL,2.0,184.53208923339844,,,
2024-01-02,buy,385.2347717285156,Bought 8 shares of NVDA,NVDA,8.0,48.15434646606445,,,
2024-01-02,buy,367.3805847167969,Bought 1 shares of MSFT,MSFT,1.0,367.3805847167969,,,
2024-01-02,buy,149.92999267578125,Bought 1 shares of AMZN,AMZN,1.0,149.92999267578125,,,
2024-01-02,buy,275.0251159667969,Bought 2 shares of GOOGL,GOOGL,2.0,137.51255798339844,,,
2024-01-02,buy,277.80419921875,Bought 2 shares of GOOG,GOOG,2.0,138.902099609375,,,
2024-01-02,buy,107.09549713134766,Bought 1 shares of AVGO,AVGO,1.0,107.09549713134766,,,
2024-02-01,deposit,1500.0,Monthly investment,,,,,,
2024-02-01,buy,371.4896240234375,Bought 2 shares of AAPL,AAPL,2.0,185.74481201171875,,,
2024-02-01,buy,315.04568099975586,Bought 5 shares of NVDA,NVDA,5.0,63.00913619995117,,,
2024-02-01,buy,159.27999877929688,Bought 1 shares of AMZN,AMZN,1.0,159.27999877929688,,,
2024-02-01,buy,140.48834228515625,Bought 1 shares of GOOGL,GOOGL,1.0,140.48834228515625,,,
2024-02-01,buy,142.03726196289062,Bought 1 shares of GOOG,GOOG,1.0,142.03726196289062,,,
2024-03-01,deposit,1500.0,Monthly investment,,,,,,
2024-03-01,buy,357.6313171386719,Bought 2 shares of AAPL,AAPL,2.0,178.81565856933594,,,
2024-03-01,buy,329.022705078125,Bought 4 shares of NVDA,NVDA,4.0,82.25567626953125,,,
2024-03-01,buy,178.22000122070312,Bought 1 shares of AMZN,AMZN,1.0,178.22000122070312,,,
2024-03-01,buy,272.9748840332031,Bought 2 shares of GOOGL,GOOGL,2.0,136.48744201660156,,,
2024-03-01,buy,274.858154296875,Bought 2 shares of GOOG,GOOG,2.0,137.4290771484375,,,
2024-04-01,deposit,1500.0,Monthly investment,,,,,,
2024-04-01,sell,338.46185302734375,Sold 2 shares of AAPL for tax-loss harvesting,AAPL,2.0,169.23092651367188,-37.701171875,-10.022561862582757,7.0
2024-04-01,sell,338.46185302734375,Sold 2 shares of AAPL for tax-loss harvesting,AAPL,2.0,169.23092651367188,-41.735504150390625,-10.977326212943705,4.0
2024-04-01,sell,175.22000122070312,Sold 1 shares of TSLA for tax-loss harvesting,TSLA,1.0,175.22000122070312,-30.44000244140625,-14.801128999014256,5.0
2024-04-01,buy,632.3913497924805,Bought 7 shares of NVDA,NVDA,7.0,90.34162139892578,,,
2024-04-01,buy,421.3531188964844,Bought 1 shares of MSFT,MSFT,1.0,421.3531188964844,,,
2024-04-01,buy,361.94000244140625,Bought 2 shares of AMZN,AMZN,2.0,180.97000122070312,,,
2024-04-01,buy,464.2504577636719,Bought 3 shares of GOOGL,GOOGL,3.0,154.75015258789062,,,
2024-04-01,buy,467.28675842285156,Bought 3 shares of GOOG,GOOG,3.0,155.7622528076172,,,
2024-04-01,buy,133.7988739013672,Bought 1 shares of AVGO,AVGO,1.0,133.7988739013672,,,
2024-05-01,deposit,1500.0,Monthly investment,,,,,,
2024-05-01,buy,337.0086669921875,Bought 2 shares of AAPL,AAPL,2.0,168.50433349609375,,,
2024-05-01,buy,332.0854187011719,Bought 4 shares of NVDA,NVDA,4.0,83.02135467529297,,,
2024-05-01,buy,179.0,Bought 1 shares of AMZN,AMZN,1.0,179.0,,,
2024-05-01,buy,163.080322265625,Bought 1 shares of GOOGL,GOOGL,1.0,163.080322265625,,,
2024-05-01,buy,164.78948974609375,Bought 1 shares of GOOG,GOOG,1.0,164.78948974609375,,,
2024-06-01,deposit,1500.0,Monthly investment,,,,,,
2024-05-31,buy,383.2120361328125,Bought 2 shares of AAPL,AAPL,2.0,191.60601806640625,,,
2024-05-31,buy,328.8212127685547,Bought 3 shares of NVDA,NVDA,3.0,109.60707092285156,,,
2024-05-31,buy,412.7277526855469,Bought 1 shares of MSFT,MSFT,1.0,412.7277526855469,,,
2024-05-31,buy,176.44000244140625,Bought 1 shares of AMZN,AMZN,1.0,176.44000244140625,,,
2024-05-31,buy,171.67919921875,Bought 1 shares of GOOGL,GOOGL,1.0,171.67919921875,,,
2024-05-31,buy,173.13992309570312,Bought 1 shares of GOOG,GOOG,1.0,173.13992309570312,,,
2024-05-31,buy,131.6475830078125,Bought 1 shares of AVGO,AVGO,1.0,131.6475830078125,,,
2024-07-01,deposit,1500.0,Monthly investment,,,,,,
2024-07-01,buy,432.04791259765625,Bought 2 shares of AAPL,AAPL,2.0,216.02395629882812,,,
2024-07-01,buy,372.84242248535156,Bought 3 shares of NVDA,NVDA,3.0,124.28080749511719,,,
2024-07-01,buy,197.1999969482422,Bought 1 shares of AMZN,AMZN,1.0,197.1999969482422,,,
2024-07-01,buy,182.32830810546875,Bought 1 shares of GOOGL,GOOGL,1.0,182.32830810546875,,,
2024-07-01,buy,183.82923889160156,Bought 1 shares of GOOG,GOOG,1.0,183.82923889160156,,,
2024-08-01,deposit,1500.0,Monthly investment,,,,,,
2024-08-01,sell,327.5794143676758,Sold 3 shares of NVDA for tax-loss harvesting,NVDA,3.0,109.1931381225586,-45.26300811767578,-12.139983378488562,1.0
2024-08-01,buy,435.25714111328125,Bought 2 shares of AAPL,AAPL,2.0,217.62857055664062,,,
2024-08-01,buy,414.6962585449219,Bought 1 shares of MSFT,MSFT,1.0,414.6962585449219,,,
2024-08-01,buy,368.1400146484375,Bought 2 shares of AMZN,AMZN,2.0,184.07000732421875,,,
2024-08-01,buy,340.2850646972656,Bought 2 shares of GOOGL,GOOGL,2.0,170.1425323486328,,,
2024-08-01,buy,343.6647033691406,Bought 2 shares of GOOG,GOOG,2.0,171.8323516845703,,,
2024-08-01,buy,216.86000061035156,Bought 1 shares of TSLA,TSLA,1.0,216.86000061035156,,,
2024-08-01,buy,146.14646911621094,Bought 1 shares of AVGO,AVGO,1.0,146.14646911621094,,,
2024-09-01,deposit,1500.0,Monthly investment,,,,,,
2024-09-03,sell,176.25,Sold 1 shares of AMZN for tax-loss harvesting,AMZN,1.0,176.25,-20.949996948242188,-10.62373086838373,2.0
2024-09-03,sell,156.79098510742188,Sold 1 shares of GOOGL for tax-loss harvesting,GOOGL,1.0,156.79098510742188,-25.537322998046875,-14.006230444081492,2.0
2024-09-03,sell,158.0419464111328,Sold 1 shares of GOOG for tax-loss harvesting,GOOG,1.0,158.0419464111328,-25.78729248046875,-14.027851410337789,2.0
2024-09-03,buy,666.8423309326172,Bought 3 shares of AAPL,AAPL,3.0,222.28077697753906,,,
2024-09-03,buy,539.9166107177734,Bought 5 shares of NVDA,NVDA,5.0,107.98332214355469,,,
2024-09-03,buy,407.80438232421875,Bought 1 shares of MSFT,MSFT,1.0,407.80438232421875,,,
2024-09-03,buy,210.60000610351562,Bought 1 shares of TSLA,TSLA,1.0,210.60000610351562,,,
2024-09-03,buy,151.8821563720703,Bought 1 shares of AVGO,AVGO,1.0,151.8821563720703,,,
2024-10-01,deposit,1500.0,Monthly investment,,,,,,
2024-10-01,buy,225.71324157714844,Bought 1 shares of AAPL,AAPL,1.0,225.71324157714844,,,
2024-10-01,buy,233.98387145996094,Bought 2 shares of NVDA,NVDA,2.0,116.99193572998047,,,
2024-10-01,buy,185.1300048828125,Bought 1 shares of AMZN,AMZN,1.0,185.1300048828125,,,
2024-10-01,buy,166.60696411132812,Bought 1 shares of GOOGL,GOOGL,1.0,166.60696411132812,,,
2024-10-01,buy,168.03770446777344,Bought 1 shares of GOOG,GOOG,1.0,168.03770446777344,,,
2024-11-01,deposit,1500.0,Monthly investment,,,,,,
2024-11-01,buy,444.8409423828125,Bought 2 shares of AAPL,AAPL,2.0,222.42047119140625,,,
2024-11-01,buy,406.17201232910156,Bought 3 shares of NVDA,NVDA,3.0,135.3906707763672,,,
2024-11-01,buy,408.73065185546875,Bought 1 shares of MSFT,MSFT,1.0,408.73065185546875,,,
2024-11-01,buy,197.92999267578125,Bought 1 shares of AMZN,AMZN,1.0,197.92999267578125,,,
2024-11-01,buy,170.89707946777344,Bought 1 shares of GOOGL,GOOGL,1.0,170.89707946777344,,,
2024-11-01,buy,172.2581024169922,Bought 1 shares of GOOG,GOOG,1.0,172.2581024169922,,,
2024-12-01,deposit,1500.0,Monthly investment,,,,,,
2024-12-02,buy,239.3268585205078,Bought 1 shares of AAPL,AAPL,1.0,239.3268585205078,,,
2024-12-02,buy,277.24090576171875,Bought 2 shares of NVDA,NVDA,2.0,138.62045288085938,,,
2024-12-02,buy,210.7100067138672,Bought 1 shares of AMZN,AMZN,1.0,210.7100067138672,,,
2024-12-02,buy,171.0966339111328,Bought 1 shares of GOOGL,GOOGL,1.0,171.0966339111328,,,
2024-12-02,buy,172.58734130859375,Bought 1 shares of GOOG,GOOG,1.0,172.58734130859375,,,
2025-01-01,deposit,1500.0,Monthly investment,,,,,,
2025-01-02,buy,487.1643981933594,Bought 2 shares of AAPL,AAPL,2.0,243.5821990966797,,,
2025-01-02,buy,414.92999267578125,Bought 3 shares of NVDA,NVDA,3.0,138.30999755859375,,,
2025-01-02,buy,417.74237060546875,Bought 1 shares of MSFT,MSFT,1.0,417.74237060546875,,,
2025-01-02,buy,220.22000122070312,Bought 1 shares of AMZN,AMZN,1.0,220.22000122070312,,,
2025-01-02,buy,189.2120819091797,Bought 1 shares of GOOGL,GOOGL,1.0,189.2120819091797,,,
2025-01-02,buy,190.41307067871094,Bought 1 shares of GOOG,GOOG,1.0,190.41307067871094,,,
2025-02-01,deposit,1500.0,Monthly investment,,,,,,
2025-01-31,sell,360.20999908447266,Sold 3 shares of NVDA for tax-loss harvesting,NVDA,3.0,120.06999969482422,-45.962013244628906,-11.315898646258304,3.0
2025-01-31,sell,240.13999938964844,Sold 2 shares of NVDA for tax-loss harvesting,NVDA,2.0,120.06999969482422,-37.10090637207031,-13.382190579032937,2.0
2025-01-31,sell,360.20999908447266,Sold 3 shares of NVDA for tax-loss harvesting,NVDA,3.0,120.06999969482422,-54.719993591308594,-13.187765299498555,1.0
2025-01-31,buy,707.2224426269531,Bought 3 shares of AAPL,AAPL,3.0,235.74081420898438,,,
2025-01-31,buy,414.22943115234375,Bought 1 shares of MSFT,MSFT,1.0,414.22943115234375,,,
2025-01-31,buy,237.67999267578125,Bought 1 shares of AMZN,AMZN,1.0,237.67999267578125,,,
2025-01-31,buy,407.57061767578125,Bought 2 shares of GOOGL,GOOGL,2.0,203.78530883789062,,,
2025-01-31,buy,410.7320861816406,Bought 2 shares of GOOG,GOOG,2.0,205.3660430908203,,,
2025-03-01,deposit,1500.0,Monthly investment,,,,,,
2025-02-28,sell,212.27999877929688,Sold 1 shares of AMZN for tax-loss harvesting,AMZN,1.0,212.27999877929688,-25.399993896484375,-10.686635257151178,1.0
2025-02-28,sell,170.0841064453125,Sold 1 shares of GOOGL for tax-loss harvesting,GOOGL,1.0,170.0841064453125,-19.127975463867188,-10.109278049722247,2.0
2025-02-28,sell,340.168212890625,Sold 2 shares of GOOGL for tax-loss harvesting,GOOGL,2.0,170.0841064453125,-67.40240478515625,-16.537601549769775,1.0
2025-02-28,sell,344.04803466796875,Sold 2 shares of GOOG for tax-loss harvesting,GOOG,2.0,172.02401733398438,-66.68405151367188,-16.235413243118725,1.0
2025-02-28,buy,967.3599853515625,Bought 4 shares of AAPL,AAPL,4.0,241.83999633789062,,,
2025-02-28,buy,749.5199890136719,Bought 6 shares of NVDA,NVDA,6.0,124.91999816894531,,,
2025-02-28,buy,793.97998046875,Bought 2 shares of MSFT,MSFT,2.0,396.989990234375,,,
2025-02-28,buy,292.9800109863281,Bought 1 shares of TSLA,TSLA,1.0,292.9800109863281,,,
2025-02-28,buy,199.42999267578125,Bought 1 shares of AVGO,AVGO,1.0,199.42999267578125,,,
2025-03-10,sell,641.8800201416016,Sold 6 shares of NVDA for tax-loss harvesting,NVDA,6.0,106.9800033569336,-107.63996887207031,-14.361187219799,1.0
2025-03-10,sell,194.5399932861328,Sold 1 shares of AMZN for tax-loss harvesting,AMZN,1.0,194.5399932861328,-25.680007934570312,-11.661069744902042,3.0
2025-03-10,sell,167.80999755859375,Sold 1 shares of GOOG for tax-loss harvesting,GOOG,1.0,167.80999755859375,-22.603073120117188,-11.870547037317603,3.0
2025-03-10,sell,222.14999389648438,Sold 1 shares of TSLA for tax-loss harvesting,TSLA,1.0,222.14999389648438,-70.83001708984375,-24.175716579227323,1.0
