Ticker,Start_Date,M1_Price,M1_Percent_Change,M2_Price,M2_Percent_Change,M3_Price,M3_Percent_Change,M4_Price,M4_Percent_Change,M5_Price,M5_Percent_Change,M6_Price,M6_Percent_Change,M7_Price,M7_Percent_Change,M8_Price,M8_Percent_Change,M9_Price,M9_Percent_Change,M10_Price,M10_Percent_Change,M11_Price,M11_Percent_Change,Final_Rolling_Performance,Num_Sell_Events,Total_Reset_Value,Portfolio_Weight,Sell_Events_Impact,Rolling_Performance_Track,Total Loss $1M
AAPL,1/1/23,142.32,10.51,145.36,2.14,162.63,11.88,167.59,3.05,176.17,5.12,192.11,9.05,194.55,1.27,188.11,-3.31,169.97,-9.64,169.76,-0.12,189.19,11.45,41.4,0,0,6.92,0,M1:10.51% -> M2:12.65% -> M3:24.53% -> M4:27.58% -> M5:32.7% -> M6:41.75% -> M7:43.02% -> M8:39.71% -> M9:30.07% -> M10:29.95% -> M11:41.4%,-26525.72
NVDA,1/1/23,19.68,32.61,23.18,17.78,27.49,18.59,27.82,1.2,38.47,38.28,42.5,10.48,46.44,9.27,49.74,7.11,44.01,-11.52,40.87,-7.13,46.51,13.8,130.47,0,0,5.93,0,M1:32.61% -> M2:50.39% -> M3:68.98% -> M4:70.18% -> M5:108.46% -> M6:118.94% -> M7:128.21% -> M8:135.32% -> M9:123.8% -> M10:116.67% -> M11:130.47%,
MSFT,1/1/23,243.51,2.02,246.83,1.36,282.03,14.26,302.16,7.14,321.53,6.41,334.61,4.07,330.66,-1.18,327.53,-0.95,312.67,-4.54,335.91,7.43,373.22,11.11,47.13,0,0,5.84,0,M1:2.02% -> M2:3.38% -> M3:17.64% -> M4:24.78% -> M5:31.19% -> M6:35.26% -> M7:34.08% -> M8:33.13% -> M9:28.59% -> M10:36.02% -> M11:47.13%,
AMZN,1/1/23,102.53,19.97,93.87,-8.45,102.3,8.98,104.95,2.59,120.69,15,130.82,8.39,133.55,2.09,139.46,4.43,127.28,-8.73,133.96,5.25,146,8.99,58.51,0,0,4.25,0,M1:19.97% -> M2:11.52% -> M3:20.5% -> M4:23.09% -> M5:38.09% -> M6:46.48% -> M7:48.57% -> M8:53.0% -> M9:44.27% -> M10:49.52% -> M11:58.51%,
GOOGL,1/1/23,98.35,10.17,89.65,-8.85,102.02,13.8,106.45,4.34,122.38,14.96,118.81,-2.92,130.31,9.68,136.96,5.1,130.74,-4.54,123.62,-5.45,131.38,6.28,42.57,0,0,4.23,0,M1:10.17% -> M2:1.32% -> M3:15.12% -> M4:19.46% -> M5:34.42% -> M6:31.5% -> M7:41.18% -> M8:46.28% -> M9:41.74% -> M10:36.29% -> M11:42.57%,
GOOG,1/1/23,99.38,11.03,89.84,-9.6,102.3,13.87,107.33,4.92,123.06,14.66,119.89,-2.58,130.39,8.76,137.93,5.78,131.68,-4.53,124.89,-5.16,132.84,6.37,43.52,0,0,4.23,0,M1:11.03% -> M2:1.43% -> M3:15.3% -> M4:20.22% -> M5:34.88% -> M6:32.3% -> M7:41.06% -> M8:46.84% -> M9:42.31% -> M10:37.15% -> M11:43.52%,
META,1/1/23,147.47,20.53,173.93,17.94,208.05,19.62,237.71,14.26,264.89,11.43,285.61,7.82,316.33,10.76,298.23,-5.72,301.59,1.13,300.7,-0.3,324.24,7.83,105.3,0,0,2.66,0,M1:20.53% -> M2:38.47% -> M3:58.09% -> M4:72.35% -> M5:83.78% -> M6:91.6% -> M7:102.36% -> M8:96.64% -> M9:97.77% -> M10:97.47% -> M11:105.3%,
TSLA,1/1/23,173.89,46.78,206.21,18.59,199.91,-3.06,163.17,-18.38,202.59,24.16,276.49,36.48,266.26,-3.7,257.26,-3.38,244.81,-4.84,204.04,-16.65,233.14,14.26,90.26,0,0,2.43,0,M1:46.78% -> M2:65.37% -> M3:62.31% -> M4:43.93% -> M5:68.09% -> M6:104.57% -> M7:100.87% -> M8:97.49% -> M9:92.65% -> M10:76.0% -> M11:90.26%,
AVGO,1/1/23,56.3,3.28,57.31,1.79,62.09,8.34,60.88,-1.95,77.8,27.79,84.85,9.06,87.82,3.5,88.1,0.32,81.43,-7.57,82.7,1.56,90.6,9.55,55.67,0,0,1.86,0,M1:3.28% -> M2:5.07% -> M3:13.41% -> M4:11.46% -> M5:39.25% -> M6:48.31% -> M7:51.81% -> M8:52.13% -> M9:44.56% -> M10:46.12% -> M11:55.67%,
BRK-B,1/1/23,309.63,-0.14,304.02,-1.81,309.25,1.72,329.16,6.44,321.42,-2.35,340.75,6.01,352.03,3.31,362,2.83,349.64,-3.41,341.21,-2.41,359.94,5.49,15.68,0,0,1.76,0,M1:-0.14% -> M2:-1.95% -> M3:-0.23% -> M4:6.21% -> M5:3.86% -> M6:9.87% -> M7:13.18% -> M8:16.01% -> M9:12.6% -> M10:10.19% -> M11:15.68%,
WMT,1/1/23,46.61,0.78,45.77,-1.8,48.13,5.16,49.2,2.22,47.81,-2.83,51.28,7.26,52.3,1.99,53.45,2.2,52.34,-2.08,53.89,2.96,50.99,-5.38,10.48,0,0,1.33,0,M1:0.78% -> M2:-1.02% -> M3:4.14% -> M4:6.36% -> M5:3.53% -> M6:10.79% -> M7:12.78% -> M8:14.98% -> M9:12.9% -> M10:15.86% -> M11:10.48%,
LLY,1/1/23,336.66,-6.41,305.44,-9.27,338.19,10.72,391.42,15.74,425.05,8.59,460.6,8.36,449.82,-2.34,550.74,22.44,530.64,-3.65,549.44,3.54,586.85,6.81,70.21,1,-15.68,1.24,-1947.81,M1:-6.41% -> M2:-15.68% [SELL] -> M3:10.72% -> M4:26.46% -> M5:35.05% -> M6:43.41% -> M7:41.07% -> M8:63.51% -> M9:59.86% -> M10:63.4% -> M11:70.21%,
JPM,1/1/23,131.37,2.95,135.07,2.82,123.48,-8.58,136.28,10.37,130.78,-4.04,140.04,7.08,151.85,8.43,140.91,-7.2,139.69,-0.87,135.3,-3.14,151.4,11.9,19.72,0,0,1.2,0,M1:2.95% -> M2:5.77% -> M3:-2.81% -> M4:7.56% -> M5:3.52% -> M6:10.6% -> M7:19.03% -> M8:11.83% -> M9:10.96% -> M10:7.82% -> M11:19.72%,
V,1/1/23,225.46,9.6,216.14,-4.13,221.82,2.63,229.35,3.39,219.79,-4.17,233.87,6.41,234.01,0.06,244.66,4.55,226.64,-7.37,233.46,3.01,253.42,8.55,22.53,0,0,1.11,0,M1:9.6% -> M2:5.47% -> M3:8.1% -> M4:11.49% -> M5:7.32% -> M6:13.73% -> M7:13.79% -> M8:18.34% -> M9:10.97% -> M10:13.98% -> M11:22.53%,
MA,1/1/23,364.28,5.49,349.88,-3.95,358.39,2.43,376.65,5.1,363.46,-3.5,387.39,6.58,390.37,0.77,410.26,5.1,390.19,-4.89,375.94,-3.65,409.91,9.04,18.52,0,0,0.87,0,M1:5.49% -> M2:1.54% -> M3:3.97% -> M4:9.07% -> M5:5.57% -> M6:12.15% -> M7:12.92% -> M8:18.02% -> M9:13.13% -> M10:9.48% -> M11:18.52%,
ORCL,1/1/23,86.11,7.56,84.67,-1.67,90.01,6.31,92.76,3.06,102.62,10.63,115.47,12.52,114.8,-0.58,118.82,3.5,103.9,-12.56,102.29,-1.55,114.39,11.83,39.05,0,0,0.85,0,M1:7.56% -> M2:5.89% -> M3:12.2% -> M4:15.26% -> M5:25.89% -> M6:38.41% -> M7:37.83% -> M8:41.33% -> M9:28.77% -> M10:27.22% -> M11:39.05%,
XOM,1/1/23,107.35,5.51,102.09,-4.9,105.9,3.73,108.33,2.29,95.85,-11.52,101.26,5.64,100.75,-0.5,106.56,5.77,111.62,4.75,101.18,-9.35,98.24,-2.91,-1.49,0,0,0.84,0,M1:5.51% -> M2:0.61% -> M3:4.34% -> M4:6.63% -> M5:-4.89% -> M6:0.75% -> M7:0.25% -> M8:6.02% -> M9:10.77% -> M10:1.42% -> M11:-1.49%,
UNH,1/1/23,484.94,-4.8,459.39,-5.27,472.31,2.81,481.45,1.94,474.83,-1.38,467.31,-1.58,496.05,6.15,468.19,-5.62,496.04,5.95,520.04,4.84,540.09,3.86,16.97,1,-10.07,0.83,-833.87,M1:-4.8% -> M2:-10.07% [SELL] -> M3:2.81% -> M4:4.75% -> M5:3.37% -> M6:1.79% -> M7:7.94% -> M8:2.32% -> M9:8.27% -> M10:13.11% -> M11:16.97%,
COST,1/1/23,489.87,10.99,464.45,-5.19,479.32,3.2,481.88,0.53,492.73,2.25,519.74,5.48,542.36,4.35,536.06,-1.16,550.44,2.68,537.93,-2.27,576.08,7.09,27.95,0,0,0.76,0,M1:10.99% -> M2:5.8% -> M3:9.0% -> M4:9.53% -> M5:11.78% -> M6:17.26% -> M7:21.61% -> M8:20.45% -> M9:23.13% -> M10:20.86% -> M11:27.95%,
PG,1/1/23,135.22,-5.29,131.39,-2.83,141.26,7.51,149.43,5.78,137.19,-8.19,145.07,5.74,150.22,3.55,149.28,-0.63,139.53,-6.53,146.13,4.73,148.7,1.76,5.6,0,0,0.71,0,M1:-5.29% -> M2:-8.12% -> M3:-0.61% -> M4:5.17% -> M5:-3.02% -> M6:2.72% -> M7:6.27% -> M8:5.64% -> M9:-0.89% -> M10:3.84% -> M11:5.6%,
HD,1/1/23,306.16,1.57,277.23,-9.45,282.06,1.74,285.99,1.39,273.66,-4.31,298.45,9.06,319.63,7.1,321.9,0.71,291.38,-9.48,276.9,-4.97,306.33,10.63,3.99,0,0,0.7,0,M1:1.57% -> M2:-7.88% -> M3:-6.14% -> M4:-4.75% -> M5:-9.06% -> M6:0.0% -> M7:7.1% -> M8:7.81% -> M9:-1.67% -> M10:-6.64% -> M11:3.99%,
NFLX,1/1/23,353.86,18.72,321.55,-9.13,341.83,6.31,329.44,-3.62,397.41,20.63,439.76,10.66,437.37,-0.54,437.73,0.08,377.48,-13.76,414.77,9.88,473.17,14.08,53.31,0,0,0.7,0,M1:18.72% -> M2:9.59% -> M3:15.9% -> M4:12.28% -> M5:32.91% -> M6:43.57% -> M7:43.03% -> M8:43.11% -> M9:29.35% -> M10:39.23% -> M11:53.31%,
JNJ,1/1/23,152.12,-7.48,143.83,-5.45,145.65,1.27,153.79,5.59,146.36,-4.83,155.65,6.35,157.57,1.23,153.99,-2.27,148.27,-3.71,142.32,-4.01,150.44,5.71,5.33,1,-12.93,0.63,-809.14,M1:-7.48% -> M2:-12.93% [SELL] -> M3:1.27% -> M4:6.86% -> M5:2.03% -> M6:8.38% -> M7:9.61% -> M8:7.34% -> M9:3.63% -> M10:-0.38% -> M11:5.33%,
BAC,1/1/23,33.08,5.92,32.09,-2.99,27.09,-15.58,27.9,2.99,26.26,-5.88,27.36,4.19,30.36,10.96,27.65,-8.93,26.22,-5.17,25.42,-3.05,29.46,15.89,11,1,-12.65,0.61,-771.33,M1:5.92% -> M2:2.93% -> M3:-12.65% [SELL] -> M4:2.99% -> M5:-2.89% -> M6:1.3% -> M7:12.26% -> M8:3.33% -> M9:-1.84% -> M10:-4.89% -> M11:11.0%,
CRM,1/1/23,166.8,24.07,162.08,-2.83,197.12,21.62,196.66,-0.23,207.06,5.29,209.4,1.13,222.65,6.33,222.26,-0.18,199.68,-10.16,199.8,0.06,248.61,24.43,69.53,0,0,0.59,0,M1:24.07% -> M2:21.24% -> M3:42.86% -> M4:42.63% -> M5:47.92% -> M6:49.05% -> M7:55.38% -> M8:55.2% -> M9:45.04% -> M10:45.1% -> M11:69.53%,
ABBV,1/1/23,135.98,-8.65,141.66,4.18,146.75,3.59,141.17,-3.8,126.59,-10.33,125.41,-0.93,141.94,13.18,139.44,-1.76,140.49,0.75,135.58,-3.49,136.23,0.48,8.23,1,-15.01,0.56,-837.89,M1:-8.65% -> M2:-4.47% -> M3:-0.88% -> M4:-4.68% -> M5:-15.01% [SELL] -> M6:-0.93% -> M7:12.25% -> M8:10.49% -> M9:11.24% -> M10:7.75% -> M11:8.23%,
KO,1/1/23,57.51,-3.81,55.62,-3.29,59.05,6.17,60.81,2.98,56.82,-6.56,57.5,1.2,59.3,3.13,57.31,-3.36,53.82,-6.09,54.68,1.6,56.54,3.4,-4.63,0,0,0.48,0,M1:-3.81% -> M2:-7.1% -> M3:-0.93% -> M4:2.05% -> M5:-4.51% -> M6:-3.31% -> M7:-0.18% -> M8:-3.54% -> M9:-9.63% -> M10:-8.03% -> M11:-4.63%,
TMUS,1/1/23,145.86,7.31,138.7,-4.91,141.8,2.24,141.34,-0.32,134.33,-4.96,135.85,1.13,135.06,-0.58,134.03,-0.76,136.83,2.09,141.4,3.34,147.61,4.39,8.97,0,0,0.46,0,M1:7.31% -> M2:2.4% -> M3:4.64% -> M4:4.32% -> M5:-0.64% -> M6:0.49% -> M7:-0.09% -> M8:-0.85% -> M9:1.24% -> M10:4.58% -> M11:8.97%,
CVX,1/1/23,158.12,-2.65,148.11,-6.33,156.28,5.52,154.36,-1.23,140.62,-8.9,146.09,3.89,152.09,4.11,152.61,0.34,157.96,3.51,136.98,-13.28,136.05,-0.68,-2.11,1,-13.59,0.46,-622.72,M1:-2.65% -> M2:-8.98% -> M3:-3.46% -> M4:-4.69% -> M5:-13.59% [SELL] -> M6:3.89% -> M7:8.0% -> M8:8.34% -> M9:11.85% -> M10:-1.43% -> M11:-2.11%,
MRK,1/1/23,101.29,-3.12,100.34,-0.94,101.03,0.69,110.42,9.29,105.52,-4.44,109.88,4.13,105.2,-4.26,105.25,0.05,99.38,-5.58,100.07,0.69,99.4,-0.67,-4.16,0,0,0.45,0,M1:-3.12% -> M2:-4.06% -> M3:-3.37% -> M4:5.92% -> M5:1.48% -> M6:5.61% -> M7:1.35% -> M8:1.4% -> M9:-4.18% -> M10:-3.49% -> M11:-4.16%,
WFC,1/1/23,43.86,12.12,43.99,0.3,35.5,-19.3,38.31,7.92,38.34,0.08,40.88,6.62,43.87,7.31,39.93,-8.98,39.11,-2.05,38.4,-1.82,43.15,12.37,14.57,0,0,0.42,0,M1:12.12% -> M2:12.42% -> M3:-6.88% -> M4:1.04% -> M5:1.12% -> M6:7.74% -> M7:15.05% -> M8:6.07% -> M9:4.02% -> M10:2.2% -> M11:14.57%,
CSCO,1/1/23,45.52,1.9,45.57,0.11,48.98,7.48,44.74,-8.66,47.16,5.41,48.68,3.22,50.21,3.14,54.81,9.16,51.42,-6.19,50.06,-2.64,46.44,-7.23,5.7,0,0,0.42,0,M1:1.9% -> M2:2.01% -> M3:9.49% -> M4:0.83% -> M5:6.24% -> M6:9.46% -> M7:12.6% -> M8:21.76% -> M9:15.57% -> M10:12.93% -> M11:5.7%,
ACN,1/1/23,269.06,3.17,257.79,-4.19,275.67,6.94,272.55,-1.13,298.57,9.55,300.78,0.74,309.17,2.79,319.57,3.36,301.45,-5.67,293.45,-2.65,328.52,11.95,24.86,0,0,0.41,0,M1:3.17% -> M2:-1.02% -> M3:5.92% -> M4:4.79% -> M5:14.34% -> M6:15.08% -> M7:17.87% -> M8:21.23% -> M9:15.56% -> M10:12.91% -> M11:24.86%,
NOW,1/1/23,456.19,15.47,431.94,-5.32,461.53,6.85,456.31,-1.13,534.8,17.2,560.85,4.87,578.24,3.1,593.51,2.64,554.75,-6.53,581,4.73,685.45,17.98,59.86,0,0,0.41,0,M1:15.47% -> M2:10.15% -> M3:17.0% -> M4:15.87% -> M5:33.07% -> M6:37.94% -> M7:41.04% -> M8:43.68% -> M9:37.15% -> M10:41.88% -> M11:59.86%,
AXP,1/1/23,169.02,16.34,169.15,0.08,159.98,-5.42,158.36,-1.01,155.63,-1.72,170.55,9.59,164.9,-3.31,156.18,-5.29,145.72,-6.7,144.42,-0.89,168.26,16.51,18.18,0,0,0.38,0,M1:16.34% -> M2:16.42% -> M3:11.0% -> M4:9.99% -> M5:8.27% -> M6:17.86% -> M7:14.55% -> M8:9.26% -> M9:2.56% -> M10:1.67% -> M11:18.18%,
MCD,1/1/23,253.47,1.33,250.65,-1.11,268.27,7.03,282.33,5.24,272.02,-3.65,285.82,5.07,281.22,-1.61,272.64,-3.05,252.82,-7.27,253.78,0.38,274.96,8.35,10.71,0,0,0.38,0,M1:1.33% -> M2:0.22% -> M3:7.25% -> M4:12.49% -> M5:8.84% -> M6:13.91% -> M7:12.3% -> M8:9.25% -> M9:1.98% -> M10:2.36% -> M11:10.71%,
PEP,1/1/23,160.96,-5.37,162.31,0.84,172.49,6.27,180.6,4.7,172.99,-4.21,175.99,1.73,179.04,1.73,171.87,-4,162.59,-5.4,157.39,-3.2,163.15,3.66,-3.25,0,0,0.38,0,M1:-5.37% -> M2:-4.53% -> M3:1.74% -> M4:6.44% -> M5:2.23% -> M6:3.96% -> M7:5.69% -> M8:1.69% -> M9:-3.71% -> M10:-6.91% -> M11:-3.25%,
BX,1/1/23,88.55,23.5,85.55,-3.39,81.61,-4.61,85.59,4.88,81.86,-4.36,88.65,8.29,100.06,12.87,102.74,2.68,102.19,-0.54,89.64,-12.28,108.76,21.33,48.37,0,0,0.37,0,M1:23.5% -> M2:20.11% -> M3:15.5% -> M4:20.38% -> M5:16.02% -> M6:24.31% -> M7:37.18% -> M8:39.86% -> M9:39.32% -> M10:27.04% -> M11:48.37%,
IBM,1/1/23,122.84,-4.69,119.18,-2.98,121.09,1.6,116.82,-3.53,120.37,3.04,125.04,3.88,135.19,8.12,139.6,3.26,132.75,-4.91,137.46,3.55,151.87,10.48,17.82,0,0,0.37,0,M1:-4.69% -> M2:-7.67% -> M3:-6.07% -> M4:-9.6% -> M5:-6.56% -> M6:-2.68% -> M7:5.44% -> M8:8.7% -> M9:3.79% -> M10:7.34% -> M11:17.82%,
DIS,1/1/23,107.18,21.95,97.98,-8.58,98.99,1.03,101.16,2.19,87.32,-13.68,88.03,0.81,88.03,0,81.11,-7.86,79.93,-1.45,80.54,0.76,91.61,13.74,8.91,0,0,0.37,0,M1:21.95% -> M2:13.37% -> M3:14.4% -> M4:16.59% -> M5:2.91% -> M6:3.72% -> M7:3.72% -> M8:-4.14% -> M9:-5.59% -> M10:-4.83% -> M11:8.91%,
LIN,1/1/23,322.29,4.11,341.16,5.85,345.72,1.34,362.69,4.91,347.51,-4.19,375,7.91,382.69,2.05,382.01,-0.18,365.34,-4.36,376.5,3.05,406.22,7.89,28.38,0,0,0.36,0,M1:4.11% -> M2:9.96% -> M3:11.3% -> M4:16.21% -> M5:12.02% -> M6:19.93% -> M7:21.98% -> M8:21.8% -> M9:17.44% -> M10:20.49% -> M11:28.38%,
TMO,1/1/23,582.94,5.93,536.44,-7.98,566.82,5.66,553.36,-2.37,510.7,-7.71,517.23,1.28,544.31,5.24,561.16,3.1,501.38,-10.65,443.62,-11.52,489.22,10.28,10.28,1,-19.02,0.36,-685.92,M1:5.93% -> M2:-2.05% -> M3:3.61% -> M4:1.24% -> M5:-6.47% -> M6:-5.19% -> M7:0.05% -> M8:3.15% -> M9:-7.5% -> M10:-19.02% [SELL] -> M11:10.28%,
MS,1/1/23,90.18,14.12,89.26,-1.02,81.81,-8.35,84.62,3.43,77.48,-8.44,81.01,4.56,86.36,6.6,81.43,-5.71,76.79,-5.7,68.21,-11.17,75.8,11.13,11.13,1,-11.68,0.36,-417.89,M1:14.12% -> M2:13.1% -> M3:4.75% -> M4:8.18% -> M5:-0.26% -> M6:4.3% -> M7:10.9% -> M8:5.19% -> M9:-0.51% -> M10:-11.68% [SELL] -> M11:11.13%,
ABT,1/1/23,106.41,0.7,96.72,-9.11,96.82,0.1,106.63,10.13,98.38,-7.74,104.5,6.22,107.38,2.76,100.29,-6.6,92.88,-7.39,92.51,-0.4,101.65,9.88,9.48,1,-10.93,0.36,-389.61,M1:0.7% -> M2:-8.41% -> M3:-8.31% -> M4:1.82% -> M5:-5.92% -> M6:0.3% -> M7:3.06% -> M8:-3.54% -> M9:-10.93% [SELL] -> M10:-0.4% -> M11:9.48%,
ADBE,1/1/23,370.01,8.78,323.8,-12.49,380.88,17.63,376.51,-1.15,412.29,9.5,486.39,17.97,545.78,12.21,564.8,3.48,508.24,-10.01,535,5.27,609.24,13.88,65.07,0,0,0.35,0,M1:8.78% -> M2:-3.71% -> M3:13.92% -> M4:12.77% -> M5:22.27% -> M6:40.24% -> M7:52.45% -> M8:55.93% -> M9:45.92% -> M10:51.19% -> M11:65.07%,
AMD,1/1/23,78.47,18.89,78.55,0.1,96.7,23.11,91.03,-5.86,117.29,28.85,115.16,-1.82,114.26,-0.78,107,-6.35,102.21,-4.48,98.58,-3.55,119.88,21.61,69.72,0,0,0.35,0,M1:18.89% -> M2:18.99% -> M3:42.1% -> M4:36.24% -> M5:65.09% -> M6:63.27% -> M7:62.49% -> M8:56.14% -> M9:51.66% -> M10:48.11% -> M11:69.72%,
PM,1/1/23,94.25,2.95,89.29,-5.26,88.86,-0.48,91.17,2.6,82.39,-9.63,90.77,10.17,92.62,2.04,89.6,-3.26,86.69,-3.25,84.12,-2.96,87.66,4.21,-2.87,0,0,0.35,0,M1:2.95% -> M2:-2.31% -> M3:-2.79% -> M4:-0.19% -> M5:-9.82% -> M6:0.35% -> M7:2.39% -> M8:-0.87% -> M9:-4.12% -> M10:-7.08% -> M11:-2.87%,
ISRG,1/1/23,246.8,-8.45,228.47,-7.43,254.3,11.31,301,18.36,308,2.33,339.92,10.36,322,-5.27,317.55,-1.38,291.96,-8.06,262.17,-10.2,310.59,18.47,35.92,1,-15.88,0.34,-533.66,M1:-8.45% -> M2:-15.88% [SELL] -> M3:11.31% -> M4:29.67% -> M5:32.0% -> M6:42.36% -> M7:37.09% -> M8:35.71% -> M9:27.65% -> M10:17.45% -> M11:35.92%,
PLTR,1/1/23,7.73,17.48,7.83,1.29,8.37,6.9,7.75,-7.41,14.46,86.58,15.49,7.12,19.46,25.63,15.16,-22.1,16.03,5.74,14.8,-7.67,19.93,34.66,148.22,0,0,0.33,0,M1:17.48% -> M2:18.77% -> M3:25.67% -> M4:18.26% -> M5:104.84% -> M6:111.96% -> M7:137.59% -> M8:115.49% -> M9:121.23% -> M10:113.56% -> M11:148.22%,
GE,1/1/23,63.45,22.35,66.92,5.47,75.76,13.21,78.72,3.91,80.08,1.73,86.29,7.75,90.02,4.32,91.07,1.17,87.52,-3.9,85.81,-1.95,96.43,12.38,66.44,0,0,0.33,0,M1:22.35% -> M2:27.82% -> M3:41.03% -> M4:44.94% -> M5:46.67% -> M6:54.42% -> M7:58.74% -> M8:59.91% -> M9:56.01% -> M10:54.06% -> M11:66.44%,
INTU,1/1/23,414.97,6.17,399.82,-3.65,437.34,9.38,436.92,-0.1,412.98,-5.48,447.75,8.42,505.8,12.96,540.25,6.81,506.07,-6.33,488.95,-3.38,567.06,15.98,40.78,0,0,0.32,0,M1:6.17% -> M2:2.52% -> M3:11.9% -> M4:11.8% -> M5:6.32% -> M6:14.74% -> M7:27.7% -> M8:34.51% -> M9:28.18% -> M10:24.8% -> M11:40.78%,
GS,1/1/23,338.16,3.94,329.02,-2.7,309.32,-5.99,326.31,5.49,310.12,-4.96,308.11,-0.65,338.3,9.8,317.68,-6.1,310.31,-2.32,292.29,-5.81,331.74,13.5,4.2,0,0,0.32,0,M1:3.94% -> M2:1.24% -> M3:-4.75% -> M4:0.74% -> M5:-4.22% -> M6:-4.87% -> M7:4.93% -> M8:-1.17% -> M9:-3.49% -> M10:-9.3% -> M11:4.2%,
CAT,1/1/23,243.07,5.1,233.67,-3.87,222.08,-4.96,212.93,-4.12,201.61,-5.32,238.76,18.43,266.09,11.45,277.84,4.42,265.98,-4.27,220.75,-17.01,247.03,11.9,24.92,1,-13.17,0.32,-418.74,M1:5.1% -> M2:1.23% -> M3:-3.73% -> M4:-7.85% -> M5:-13.17% [SELL] -> M6:18.43% -> M7:29.88% -> M8:34.3% -> M9:30.03% -> M10:13.02% -> M11:24.92%,
TXN,1/1/23,166.82,6.61,161.2,-3.37,174.67,8.36,158.53,-9.24,167.03,5.36,171.11,2.44,171.19,0.05,162.57,-5.04,152.55,-6.16,137.67,-9.75,147.78,7.34,7.34,1,-10.74,0.31,-329.38,M1:6.61% -> M2:3.24% -> M3:11.6% -> M4:2.36% -> M5:7.72% -> M6:10.16% -> M7:10.21% -> M8:5.17% -> M9:-0.99% -> M10:-10.74% [SELL] -> M11:7.34%,
QCOM,1/1/23,126.04,19.15,117.59,-6.7,121.38,3.22,112.03,-7.7,110.26,-1.58,114.79,4.11,126.96,10.6,112.14,-11.67,107,-4.58,105.81,-1.11,125.89,18.98,22.72,0,0,0.31,0,M1:19.15% -> M2:12.45% -> M3:15.67% -> M4:7.97% -> M5:6.39% -> M6:10.5% -> M7:21.1% -> M8:9.43% -> M9:4.85% -> M10:3.74% -> M11:22.72%,
VZ,1/1/23,36.6,7.24,33.74,-7.81,34.04,0.89,34.71,1.97,31.54,-9.13,32.94,4.44,30.93,-6.1,31.56,2.04,29.26,-7.29,32.62,11.48,35.37,8.43,19.91,1,-13.75,0.3,-415.82,M1:7.24% -> M2:-0.57% -> M3:0.32% -> M4:2.29% -> M5:-6.84% -> M6:-2.4% -> M7:-8.5% -> M8:-6.46% -> M9:-13.75% [SELL] -> M10:11.48% -> M11:19.91%,
BKNG,1/1/23,2396.14,18.81,2502.64,4.44,2616.19,4.54,2651.33,1.34,2476.05,-6.61,2664.57,7.61,2910.38,9.23,3101.56,6.57,3038.58,-2.03,2772.69,-8.75,3091.49,11.5,46.65,0,0,0.3,0,M1:18.81% -> M2:23.25% -> M3:27.79% -> M4:29.13% -> M5:22.52% -> M6:30.13% -> M7:39.36% -> M8:45.93% -> M9:43.9% -> M10:35.15% -> M11:46.65%,
DHR,1/1/23,232.96,-1.01,215.92,-7.31,219.95,1.87,210.42,-4.33,202.08,-3.96,209.25,3.55,224.65,7.36,236.06,5.08,217.59,-7.82,190.81,-12.31,221.22,15.94,7.84,1,-10.78,0.3,-320.16,M1:-1.01% -> M2:-8.32% -> M3:-6.45% -> M4:-10.78% [SELL] -> M5:-3.96% -> M6:-0.41% -> M7:6.95% -> M8:12.03% -> M9:4.21% -> M10:-8.1% -> M11:7.84%,
T,1/1/23,18.09,12.15,16.64,-8.02,17.03,2.34,15.9,-6.64,14.12,-11.19,14.3,1.27,13.29,-7.06,13.51,1.66,13.72,1.55,14.4,4.96,15.44,7.22,9.6,1,-11.36,0.29,-333.63,M1:12.15% -> M2:4.13% -> M3:6.47% -> M4:-0.17% -> M5:-11.36% [SELL] -> M6:1.27% -> M7:-5.79% -> M8:-4.13% -> M9:-2.58% -> M10:2.38% -> M11:9.6%,
BLK,1/1/23,711.63,4.68,645,-9.36,631.95,-2.02,642,1.59,631.05,-1.71,661.01,4.75,702.51,6.28,674.61,-3.97,622.1,-7.78,592.94,-4.69,723.7,22.05,22.05,1,-12.23,0.29,-350.56,M1:4.68% -> M2:-4.68% -> M3:-6.7% -> M4:-5.11% -> M5:-6.82% -> M6:-2.07% -> M7:4.21% -> M8:0.24% -> M9:-7.54% -> M10:-12.23% [SELL] -> M11:22.05%,
RTX,1/1/23,94.66,-1.05,93.38,-1.35,93.6,0.24,95.18,1.69,88.44,-7.08,93.43,5.64,83.52,-10.61,83.58,0.07,69.23,-17.17,79.13,14.3,79.21,0.1,14.4,2,-29.62,0.28,-826.2,M1:-1.05% -> M2:-2.4% -> M3:-2.16% -> M4:-0.47% -> M5:-7.55% -> M6:-1.91% -> M7:-12.52% [SELL] -> M8:0.07% -> M9:-17.1% [SELL] -> M10:14.3% -> M11:14.4%,
SPGI,1/1/23,365.53,8.94,334.49,-8.49,336.87,0.71,355.75,5.6,361.41,1.59,392.81,8.69,388.89,-1,389.06,0.04,362.98,-6.7,346.44,-4.56,413.03,19.22,24.04,0,0,0.27,0,M1:8.94% -> M2:0.45% -> M3:1.16% -> M4:6.76% -> M5:8.35% -> M6:17.04% -> M7:16.04% -> M8:16.08% -> M9:9.38% -> M10:4.82% -> M11:24.04%,
PFE,1/1/23,39.3,-13.13,36.3,-7.63,36.42,0.33,34.9,-4.17,34.49,-1.17,33.02,-4.26,32.82,-0.61,32.6,-0.67,30.14,-7.55,27.95,-7.27,26.86,-3.9,0,4,-50.03,0.27,-1344.59,M1:-13.13% [SELL] -> M2:-7.63% -> M3:-7.3% -> M4:-11.47% [SELL] -> M5:-1.17% -> M6:-5.43% -> M7:-6.04% -> M8:-6.71% -> M9:-14.26% [SELL] -> M10:-7.27% -> M11:-11.17% [SELL],
HON,1/1/23,197.63,-3.6,182.6,-7.61,182.54,-0.03,191.58,4.95,184.73,-3.58,199.12,7.79,186.18,-6.5,183.01,-1.7,178.15,-2.66,178.33,0.1,191.37,7.31,5.68,1,-11.21,0.27,-299.43,M1:-3.6% -> M2:-11.21% [SELL] -> M3:-0.03% -> M4:4.92% -> M5:1.34% -> M6:9.13% -> M7:2.63% -> M8:0.93% -> M9:-1.73% -> M10:-1.63% -> M11:5.68%,
NEE,1/1/23,69.94,-11.56,66.85,-4.42,72.69,8.74,72.14,-0.76,69.35,-3.87,70.13,1.12,69.61,-0.74,64.38,-7.51,53.61,-16.73,55.55,3.62,56.43,1.58,5.2,2,-35.73,0.27,-947.41,M1:-11.56% [SELL] -> M2:-4.42% -> M3:4.32% -> M4:3.56% -> M5:-0.31% -> M6:0.81% -> M7:0.07% -> M8:-7.44% -> M9:-24.17% [SELL] -> M10:3.62% -> M11:5.2%,
CMCSA,1/1/23,36.85,12.76,34.76,-5.67,35.82,3.05,39.89,11.36,37.58,-5.79,38.92,3.57,43.48,11.72,44.64,2.67,42.32,-5.2,39.83,-5.88,40.68,2.13,24.72,0,0,0.26,0,M1:12.76% -> M2:7.09% -> M3:10.14% -> M4:21.5% -> M5:15.71% -> M6:19.28% -> M7:31.0% -> M8:33.67% -> M9:28.47% -> M10:22.59% -> M11:24.72%,
ANET,1/1/23,31.37,2.08,34.7,10.62,41.41,19.34,40.14,-3.07,41.45,3.26,40.33,-2.7,44.38,10.04,49.44,11.4,46.13,-6.69,50.73,9.97,54.75,7.92,62.17,0,0,0.26,0,M1:2.08% -> M2:12.7% -> M3:32.04% -> M4:28.97% -> M5:32.23% -> M6:29.53% -> M7:39.57% -> M8:50.97% -> M9:44.28% -> M10:54.25% -> M11:62.17%,
AMGN,1/1/23,231.88,-4.49,216.28,-6.73,227.2,5.05,225.35,-0.81,208.46,-7.5,209.64,0.57,222.64,6.2,247.14,11,255.76,3.49,244.84,-4.27,259.94,6.17,19.9,1,-11.22,0.25,-285.79,M1:-4.49% -> M2:-11.22% [SELL] -> M3:5.05% -> M4:4.24% -> M5:-3.26% -> M6:-2.69% -> M7:3.51% -> M8:14.51% -> M9:18.0% -> M10:13.73% -> M11:19.9%,
PGR,1/1/23,131.78,4.8,139.01,5.49,138.85,-0.12,132.66,-4.46,124.87,-5.87,128.54,2.94,123.16,-4.19,130.9,6.28,135.31,3.37,155.01,14.56,160.04,3.24,26.04,0,0,0.25,0,M1:4.8% -> M2:10.29% -> M3:10.17% -> M4:5.71% -> M5:-0.16% -> M6:2.78% -> M7:-1.41% -> M8:4.87% -> M9:8.24% -> M10:22.8% -> M11:26.04%,
LOW,1/1/23,199.57,3.49,197.63,-0.97,193.42,-2.13,200.93,3.88,194.28,-3.31,217.16,11.78,226.27,4.2,225.64,-0.28,201.44,-10.73,186.79,-7.27,194.63,4.2,2.86,0,0,0.25,0,M1:3.49% -> M2:2.52% -> M3:0.39% -> M4:4.27% -> M5:0.96% -> M6:12.74% -> M7:16.94% -> M8:16.66% -> M9:5.93% -> M10:-1.34% -> M11:2.86%,
SYK,1/1/23,264.32,9.04,256.41,-2.99,279.51,9.01,294.5,5.36,270.46,-8.16,298.53,10.38,276.01,-7.54,281.31,1.92,268.22,-4.65,268.35,0.05,293,9.19,21.61,0,0,0.25,0,M1:9.04% -> M2:6.05% -> M3:15.06% -> M4:20.42% -> M5:12.26% -> M6:22.64% -> M7:15.1% -> M8:17.02% -> M9:12.37% -> M10:12.42% -> M11:21.61%,
UNP,1/1/23,192.86,-1.97,196.91,2.1,191.97,-2.51,186.82,-2.68,185.13,-0.9,195.51,5.61,222.68,13.9,214.45,-3.7,195.34,-8.91,200.34,2.56,220.03,9.83,13.33,0,0,0.25,0,M1:-1.97% -> M2:0.13% -> M3:-2.38% -> M4:-5.06% -> M5:-5.96% -> M6:-0.35% -> M7:13.55% -> M8:9.85% -> M9:0.94% -> M10:3.5% -> M11:13.33%,
TJX,1/1/23,79.39,2.84,73.97,-6.83,75.89,2.6,76.82,1.23,74.61,-2.88,82.38,10.41,84.45,2.51,90.63,7.32,86.76,-4.27,86.76,0,86.84,0.09,13.02,0,0,0.25,0,M1:2.84% -> M2:-3.99% -> M3:-1.39% -> M4:-0.16% -> M5:-3.04% -> M6:7.37% -> M7:9.88% -> M8:17.2% -> M9:12.93% -> M10:12.93% -> M11:13.02%,
KKR,1/1/23,54.62,17.66,54.59,-0.05,51.41,-5.83,52.14,1.42,50.51,-3.13,55.29,9.46,58.16,5.19,62.65,7.72,60.94,-2.73,55.23,-9.37,75.03,35.85,56.19,0,0,0.25,0,M1:17.66% -> M2:17.61% -> M3:11.78% -> M4:13.2% -> M5:10.07% -> M6:19.53% -> M7:24.72% -> M8:32.44% -> M9:29.71% -> M10:20.34% -> M11:56.19%,
SCHW,1/1/23,74.45,-7.76,75.3,1.14,51.13,-32.1,50.48,-1.27,51.86,2.73,55.16,6.36,64.03,16.08,58.24,-9.04,53.52,-8.1,50.9,-4.9,59.78,17.45,19.31,1,-38.72,0.24,-947.61,M1:-7.76% -> M2:-6.62% -> M3:-38.72% [SELL] -> M4:-1.27% -> M5:1.46% -> M6:7.82% -> M7:23.9% -> M8:14.86% -> M9:6.76% -> M10:1.86% -> M11:19.31%,
ETN,1/1/23,156.88,2.29,169.31,7.92,166.25,-1.81,163.02,-1.94,172.97,6.1,195.75,13.17,207.15,5.82,227.71,9.93,210,-7.78,205.95,-1.93,225.05,9.27,41.04,0,0,0.24,0,M1:2.29% -> M2:10.21% -> M3:8.4% -> M4:6.46% -> M5:12.56% -> M6:25.73% -> M7:31.55% -> M8:41.48% -> M9:33.7% -> M10:31.77% -> M11:41.04%,
AMAT,1/1/23,109.97,12.37,115.72,5.23,119.58,3.34,111.39,-6.85,131.82,18.34,141.96,7.69,148.76,4.79,152.62,2.59,137.17,-10.12,131.41,-4.2,148.06,12.67,45.85,0,0,0.24,0,M1:12.37% -> M2:17.6% -> M3:20.94% -> M4:14.09% -> M5:32.43% -> M6:40.12% -> M7:44.91% -> M8:47.5% -> M9:37.38% -> M10:33.18% -> M11:45.85%,
BA,1/1/23,212.11,9.93,201.47,-5.02,212.8,5.62,206.25,-3.08,206.46,0.1,210.5,1.96,237.55,12.85,226,-4.86,191.47,-15.28,189.69,-0.93,231.77,22.18,23.47,0,0,0.24,0,M1:9.93% -> M2:4.91% -> M3:10.53% -> M4:7.45% -> M5:7.55% -> M6:9.51% -> M7:22.36% -> M8:17.5% -> M9:2.22% -> M10:1.29% -> M11:23.47%,
BSX,1/1/23,46.62,0.3,46.76,0.3,49.98,6.89,52.2,4.44,51.3,-1.72,53.72,4.72,51.57,-4,54.26,5.22,52.49,-3.26,51.29,-2.29,55.92,9.03,19.63,0,0,0.24,0,M1:0.3% -> M2:0.6% -> M3:7.49% -> M4:11.93% -> M5:10.21% -> M6:14.93% -> M7:10.93% -> M8:16.15% -> M9:12.89% -> M10:10.6% -> M11:19.63%,
C,1/1/23,47.17,12.66,46.64,-1.12,43.57,-6.58,44.74,2.69,41.75,-6.68,43.06,3.14,44.22,2.69,39.31,-11.1,38.74,-1.45,37.37,-3.54,44.04,17.85,8.56,0,0,0.24,0,M1:12.66% -> M2:11.54% -> M3:4.96% -> M4:7.65% -> M5:0.97% -> M6:4.11% -> M7:6.8% -> M8:-4.3% -> M9:-5.75% -> M10:-9.29% -> M11:8.56%,
UBER,1/1/23,30.88,21.72,33.43,8.26,31.5,-5.77,32,1.59,37.5,17.19,43.17,15.12,48.67,12.74,47.51,-2.38,45.57,-4.08,43.25,-5.09,56.67,31.03,90.33,0,0,0.23,0,M1:21.72% -> M2:29.98% -> M3:24.21% -> M4:25.8% -> M5:42.99% -> M6:58.11% -> M7:70.85% -> M8:68.47% -> M9:64.39% -> M10:59.3% -> M11:90.33%,
COP,1/1/23,112.34,3.56,96.97,-13.68,98.89,1.98,95.55,-3.38,94.14,-1.48,98.87,5.02,111.53,12.8,114.63,2.78,115.44,0.71,114.71,-0.63,111,-3.23,14.57,1,-10.12,0.22,-224.03,M1:3.56% -> M2:-10.12% [SELL] -> M3:1.98% -> M4:-1.4% -> M5:-2.88% -> M6:2.14% -> M7:14.94% -> M8:17.72% -> M9:18.43% -> M10:17.8% -> M11:14.57%,
PANW,1/1/23,78.68,11.35,93.44,18.76,99,5.95,90.33,-8.76,105.5,16.79,127.55,20.9,124.94,-2.05,121.62,-2.66,117.5,-3.39,122.5,4.26,146.15,19.31,80.46,0,0,0.22,0,M1:11.35% -> M2:30.11% -> M3:36.06% -> M4:27.3% -> M5:44.09% -> M6:64.99% -> M7:62.94% -> M8:60.28% -> M9:56.89% -> M10:61.15% -> M11:80.46%,
ADP,1/1/23,215.95,-6.26,210.63,-2.46,210.28,-0.17,210.94,0.31,202.44,-4.03,211.19,4.32,239.29,13.31,246.58,3.05,233.99,-5.11,209.11,-10.63,223.35,6.81,11.75,1,-12.61,0.22,-271.79,M1:-6.26% -> M2:-8.72% -> M3:-8.89% -> M4:-8.58% -> M5:-12.61% [SELL] -> M6:4.32% -> M7:17.63% -> M8:20.68% -> M9:15.57% -> M10:4.94% -> M11:11.75%,
DE,1/1/23,410.24,-1.39,406.65,-0.88,402.76,-0.96,370.49,-8.01,340.53,-8.09,393.42,15.53,421.91,7.24,405.59,-3.87,372.2,-8.23,358.15,-3.77,358.18,0.01,-1.18,1,-11.24,0.21,-237.52,M1:-1.39% -> M2:-2.27% -> M3:-3.23% -> M4:-11.24% [SELL] -> M5:-8.09% -> M6:7.44% -> M7:14.68% -> M8:10.81% -> M9:2.58% -> M10:-1.19% -> M11:-1.18%,
FI,1/1/23,105.94,4.15,114.74,8.31,112.57,-1.89,121.66,8.07,112.1,-7.86,125.69,12.12,125.96,0.21,122.22,-2.97,112.09,-8.29,114.08,1.78,129.97,13.93,27.56,0,0,0.21,0,M1:4.15% -> M2:12.46% -> M3:10.57% -> M4:18.64% -> M5:10.78% -> M6:22.9% -> M7:23.11% -> M8:20.14% -> M9:11.85% -> M10:13.63% -> M11:27.56%,
BMY,1/1/23,66.83,2.44,62.95,-5.81,63.25,0.48,62.15,-1.74,59.55,-4.18,59.07,-0.81,58.08,-1.68,57.63,-0.77,54.07,-6.18,48.83,-9.69,46.51,-4.75,-4.75,2,-27.94,0.21,-584.49,M1:2.44% -> M2:-3.37% -> M3:-2.89% -> M4:-4.63% -> M5:-8.81% -> M6:-9.62% -> M7:-11.3% [SELL] -> M8:-0.77% -> M9:-6.95% -> M10:-16.64% [SELL] -> M11:-4.75%,
LMT,1/1/23,435.6,-4.32,448.54,2.97,448.28,-0.06,440.74,-1.68,425.16,-3.53,438.9,3.23,426.53,-2.82,432.53,1.41,392.81,-9.18,438.31,11.58,433.76,-1.04,10.54,1,-13.98,0.21,-291.55,M1:-4.32% -> M2:-1.35% -> M3:-1.41% -> M4:-3.09% -> M5:-6.62% -> M6:-3.39% -> M7:-6.21% -> M8:-4.8% -> M9:-13.98% [SELL] -> M10:11.58% -> M11:10.54%,
GILD,1/1/23,77.71,-1.26,74.32,-4.36,77.45,4.21,77.01,-0.57,72.41,-5.97,71.9,-0.7,71.74,-0.22,72.81,1.49,71.41,-1.92,75.21,5.32,73.1,-2.81,-6.79,0,0,0.21,0,M1:-1.26% -> M2:-5.62% -> M3:-1.41% -> M4:-1.98% -> M5:-7.95% -> M6:-8.65% -> M7:-8.87% -> M8:-7.38% -> M9:-9.3% -> M10:-3.98% -> M11:-6.79%,
NKE,1/1/23,123.51,7.89,113.9,-7.78,118.64,4.16,122.92,3.61,100.89,-17.92,107.91,6.96,106.88,-0.95,99.08,-7.3,93.79,-5.34,99.98,6.6,107.56,7.58,7.55,1,-10.04,0.21,-206.87,M1:7.89% -> M2:0.11% -> M3:4.27% -> M4:7.88% -> M5:-10.04% [SELL] -> M6:6.96% -> M7:6.01% -> M8:-1.29% -> M9:-6.63% -> M10:-0.03% -> M11:7.55%,
CB,1/1/23,211.14,-1.09,203.77,-3.49,189.51,-7,196.14,3.5,182.38,-7.02,187.85,3,200.89,6.94,198.32,-1.28,203.49,2.61,212.23,4.3,224.48,5.77,17.82,1,-11.58,0.2,-229.44,M1:-1.09% -> M2:-4.58% -> M3:-11.58% [SELL] -> M4:3.5% -> M5:-3.52% -> M6:-0.52% -> M7:6.42% -> M8:5.14% -> M9:7.75% -> M10:12.05% -> M11:17.82%,
UPS,1/1/23,167.05,5.97,166.01,-0.62,175.96,5.99,164.21,-6.68,154.32,-6.02,164.23,6.42,172.15,4.82,158.52,-7.92,144.23,-9.01,131.43,-8.87,142.95,8.77,8.77,1,-15.92,0.19,-307.19,M1:5.97% -> M2:5.35% -> M3:11.34% -> M4:4.66% -> M5:-1.36% -> M6:5.06% -> M7:9.88% -> M8:1.96% -> M9:-7.05% -> M10:-15.92% [SELL] -> M11:8.77%,
ADI,1/1/23,164.61,3.48,177.47,7.81,189.64,6.86,174.47,-8,172.99,-0.85,188.13,8.75,191.68,1.89,177.1,-7.61,170.53,-3.71,153.44,-10.02,178.1,16.07,14.67,0,0,0.19,0,M1:3.48% -> M2:11.29% -> M3:18.15% -> M4:10.15% -> M5:9.3% -> M6:18.05% -> M7:19.94% -> M8:12.33% -> M9:8.62% -> M10:-1.4% -> M11:14.67%,
MMC,1/1/23,168.36,4.58,157.11,-6.68,161.1,2.54,175.54,8.96,169.42,-3.49,182.01,7.43,184.34,1.28,191.57,3.92,185.3,-3.27,187.1,0.97,195.34,4.4,20.64,0,0,0.19,0,M1:4.58% -> M2:-2.1% -> M3:0.44% -> M4:9.4% -> M5:5.91% -> M6:13.34% -> M7:14.62% -> M8:18.54% -> M9:15.27% -> M10:16.24% -> M11:20.64%,
MDT,1/1/23,78.57,7.73,77.07,-1.91,75.8,-1.65,85.69,13.05,78.15,-8.8,83.24,6.51,83.01,-0.28,78.07,-5.95,74.7,-4.32,67.62,-9.48,75.84,12.16,7.06,0,0,0.19,0,M1:7.73% -> M2:5.82% -> M3:4.17% -> M4:17.22% -> M5:8.42% -> M6:14.93% -> M7:14.65% -> M8:8.7% -> M9:4.38% -> M10:-5.1% -> M11:7.06%,
VRTX,1/1/23,321.5,11.4,289.06,-10.09,315,8.97,340.22,8.01,324.47,-4.63,348.77,7.49,351.42,0.76,352.31,0.25,346.76,-1.58,364.95,5.25,355.11,-2.7,23.13,0,0,0.18,0,M1:11.4% -> M2:1.31% -> M3:10.28% -> M4:18.29% -> M5:13.66% -> M6:21.15% -> M7:21.91% -> M8:22.16% -> M9:20.58% -> M10:25.83% -> M11:23.13%,
MU,1/1/23,59.95,19.9,57.22,-4.55,59.15,3.37,63.31,7.03,68.31,7.9,62.86,-7.98,70.49,12.14,69.7,-1.12,67.75,-2.8,66.63,-1.65,75.59,13.45,45.69,0,0,0.18,0,M1:19.9% -> M2:15.35% -> M3:18.72% -> M4:25.75% -> M5:33.65% -> M6:25.67% -> M7:37.81% -> M8:36.69% -> M9:33.89% -> M10:32.24% -> M11:45.69%,
SBUX,1/1/23,103.46,8.37,97.51,-5.75,99.29,1.83,109.01,9.79,93.58,-14.15,94.67,1.16,97.3,2.78,94.86,-2.51,87.77,-7.47,88.53,0.87,95.48,7.85,2.77,0,0,0.18,0,M1:8.37% -> M2:2.62% -> M3:4.45% -> M4:14.24% -> M5:0.09% -> M6:1.25% -> M7:4.03% -> M8:1.52% -> M9:-5.95% -> M10:-5.08% -> M11:2.77%,
PLD,1/1/23,121.58,13.25,114.68,-5.68,117.61,2.55,118.61,0.85,117.17,-1.21,116.23,-0.8,118.98,2.37,119.83,0.71,107.47,-10.31,97.25,-9.51,110.71,13.84,6.06,0,0,0.17,0,M1:13.25% -> M2:7.57% -> M3:10.12% -> M4:10.97% -> M5:9.76% -> M6:8.96% -> M7:11.33% -> M8:12.04% -> M9:1.73% -> M10:-7.78% -> M11:6.06%,
LRCX,1/1/23,47.68,16.04,46.85,-1.74,50.29,7.34,50.27,-0.04,59.18,17.72,61.86,4.53,68.21,10.27,68.25,0.06,60.54,-11.3,57.22,-5.48,68.73,20.12,57.52,0,0,0.17,0,M1:16.04% -> M2:14.3% -> M3:21.64% -> M4:21.6% -> M5:39.32% -> M6:43.85% -> M7:54.12% -> M8:54.18% -> M9:42.88% -> M10:37.4% -> M11:57.52%,
MO,1/1/23,38.86,0.7,39.06,0.51,38.54,-1.33,40.98,6.33,38.46,-6.15,39.76,3.38,40.2,1.11,39.1,-2.74,37.8,-3.32,36.25,-4.1,37.92,4.61,-1,0,0,0.16,0,M1:0.7% -> M2:1.21% -> M3:-0.12% -> M4:6.21% -> M5:0.06% -> M6:3.44% -> M7:4.55% -> M8:1.81% -> M9:-1.51% -> M10:-5.61% -> M11:-1.0%,
SO,1/1/23,62.01,-5.52,58.11,-6.29,64.19,10.46,68.23,6.29,65.59,-3.87,66.07,0.73,67.74,2.53,64.6,-4.64,60.88,-5.76,64.05,5.21,67.82,5.89,16.84,1,-11.81,0.16,-192.9,M1:-5.52% -> M2:-11.81% [SELL] -> M3:10.46% -> M4:16.75% -> M5:12.88% -> M6:13.61% -> M7:16.14% -> M8:11.5% -> M9:5.74% -> M10:10.95% -> M11:16.84%,
EQIX,1/1/23,700.72,10.51,654.65,-6.57,686.12,4.81,694.43,1.21,717.2,3.28,746.12,4.03,776.88,4.12,764.38,-1.61,700.91,-8.3,707.6,0.95,796.15,12.51,24.94,0,0,0.16,0,M1:10.51% -> M2:3.94% -> M3:8.75% -> M4:9.96% -> M5:13.24% -> M6:17.27% -> M7:21.39% -> M8:19.78% -> M9:11.48% -> M10:12.43% -> M11:24.94%,
CRWD,1/1/23,105.9,-1.49,120.23,13.53,135.5,12.7,118.56,-12.5,146.72,23.75,147.18,0.31,161,9.39,163.12,1.32,168,2.99,178.12,6.02,235.72,32.34,88.36,0,0,0.16,0,M1:-1.49% -> M2:12.04% -> M3:24.74% -> M4:12.24% -> M5:35.99% -> M6:36.3% -> M7:45.69% -> M8:47.01% -> M9:50.0% -> M10:56.02% -> M11:88.36%,
PYPL,1/1/23,81.34,10.38,73.63,-9.48,75.62,2.7,76.03,0.54,62.41,-17.91,67.12,7.55,76.19,13.51,63.13,-17.14,58.62,-7.14,51.91,-11.45,57.63,11.02,11.02,2,-28.44,0.16,-446.95,M1:10.38% -> M2:0.9% -> M3:3.6% -> M4:4.14% -> M5:-13.77% [SELL] -> M6:7.55% -> M7:21.06% -> M8:3.92% -> M9:-3.22% -> M10:-14.67% [SELL] -> M11:11.02%,
SHW,1/1/23,231.38,-1.84,215.16,-7.01,223,3.64,233.01,4.49,224.38,-3.7,259.02,15.44,272.09,5.05,269.73,-0.87,250.92,-6.97,234.67,-6.48,275.27,17.3,19.05,0,0,0.16,0,M1:-1.84% -> M2:-8.85% -> M3:-5.21% -> M4:-0.72% -> M5:-4.42% -> M6:11.02% -> M7:16.07% -> M8:15.2% -> M9:8.23% -> M10:1.75% -> M11:19.05%,
ICE,1/1/23,103.91,3.09,98.94,-4.78,102.07,3.16,106.27,4.11,103.66,-2.46,110.35,6.45,111.83,1.34,116.4,4.09,107.7,-7.47,106.01,-1.57,111.42,5.1,11.06,0,0,0.16,0,M1:3.09% -> M2:-1.69% -> M3:1.47% -> M4:5.58% -> M5:3.12% -> M6:9.57% -> M7:10.91% -> M8:15.0% -> M9:7.53% -> M10:5.96% -> M11:11.06%,
CME,1/1/23,159.82,4.75,167.74,4.96,174.06,3.77,169.49,-2.63,163.52,-3.52,170.03,3.98,182.92,7.58,186.12,1.75,184.21,-1.03,198.25,7.62,201.89,1.84,29.07,0,0,0.15,0,M1:4.75% -> M2:9.71% -> M3:13.48% -> M4:10.85% -> M5:7.33% -> M6:11.31% -> M7:18.89% -> M8:20.64% -> M9:19.61% -> M10:27.23% -> M11:29.07%,
AMT,1/1/23,207.55,3.69,183.82,-11.43,190.06,3.39,191.56,0.79,173.57,-9.39,183.74,5.86,181.22,-1.37,173.37,-4.33,155.46,-10.33,171.28,10.18,199.99,16.76,26.94,2,-23.12,0.15,-357.12,M1:3.69% -> M2:-7.74% -> M3:-4.35% -> M4:-3.56% -> M5:-12.95% [SELL] -> M6:5.86% -> M7:4.49% -> M8:0.16% -> M9:-10.17% [SELL] -> M10:10.18% -> M11:26.94%,
APH,1/1/23,39.03,3.64,37.99,-2.66,39.95,5.16,37.16,-6.98,37.2,0.11,41.71,12.12,43.53,4.36,43.92,0.9,41.23,-6.12,39.91,-3.2,45.21,13.28,20.61,0,0,0.15,0,M1:3.64% -> M2:0.98% -> M3:6.14% -> M4:-0.84% -> M5:-0.73% -> M6:11.39% -> M7:15.75% -> M8:16.65% -> M9:10.53% -> M10:7.33% -> M11:20.61%,
ELV,1/1/23,486.14,-1.9,452.32,-6.96,456.88,1.01,458.18,0.28,439.59,-4.06,433.89,-1.3,463.34,6.79,437.12,-5.66,428.92,-1.88,441.22,2.87,470.63,6.67,7.49,1,-11.63,0.15,-177.59,M1:-1.9% -> M2:-8.86% -> M3:-7.85% -> M4:-7.57% -> M5:-11.63% [SELL] -> M6:-1.3% -> M7:5.49% -> M8:-0.17% -> M9:-2.05% -> M10:0.82% -> M11:7.49%,
TT,1/1/23,174.43,4.52,179.79,3.07,179.61,-0.1,182.6,1.66,159.31,-12.75,187.24,17.53,195.96,4.66,204.16,4.18,200.35,-1.87,198.29,-1.03,224.19,13.06,32.93,0,0,0.15,0,M1:4.52% -> M2:7.59% -> M3:7.49% -> M4:9.15% -> M5:-3.6% -> M6:13.93% -> M7:18.59% -> M8:22.77% -> M9:20.9% -> M10:19.87% -> M11:32.93%,
MCO,1/1/23,314.64,13.16,283.59,-9.87,299.11,5.47,307.04,2.65,312.07,1.64,340.91,9.24,345.49,1.34,335.66,-2.85,310.21,-7.58,305.03,-1.67,360.44,18.17,29.7,0,0,0.15,0,M1:13.16% -> M2:3.29% -> M3:8.76% -> M4:11.41% -> M5:13.05% -> M6:22.29% -> M7:23.63% -> M8:20.78% -> M9:13.2% -> M10:11.53% -> M11:29.7%,
CMG,1/1/23,32.93,17.57,29.66,-9.93,33.9,14.3,41.1,21.24,41.16,0.15,42.76,3.89,39,-8.79,38.56,-1.13,36.62,-5.03,39,6.5,44,12.82,51.59,0,0,0.15,0,M1:17.57% -> M2:7.64% -> M3:21.94% -> M4:43.18% -> M5:43.33% -> M6:47.22% -> M7:38.43% -> M8:37.3% -> M9:32.27% -> M10:38.77% -> M11:51.59%,
INTC,1/1/23,26.89,3.11,24.43,-9.15,32.15,31.6,30.36,-5.57,31.16,2.64,32.87,5.49,35.1,6.78,35.2,0.28,35.02,-0.51,35.9,2.51,43.77,21.92,59.1,0,0,0.15,0,M1:3.11% -> M2:-6.04% -> M3:25.56% -> M4:19.99% -> M5:22.63% -> M6:28.12% -> M7:34.9% -> M8:35.18% -> M9:34.67% -> M10:37.18% -> M11:59.1%,
KLAC,1/1/23,383.56,2.23,366.44,-4.46,389.38,6.26,378.18,-2.88,438.08,15.84,477.07,8.9,505.52,5.96,496.65,-1.75,452.78,-8.83,465.79,2.87,537.24,15.34,39.48,0,0,0.15,0,M1:2.23% -> M2:-2.23% -> M3:4.03% -> M4:1.15% -> M5:16.99% -> M6:25.89% -> M7:31.85% -> M8:30.1% -> M9:21.27% -> M10:24.14% -> M11:39.48%,
ABNB,1/1/23,111.11,27.14,122.38,10.14,123,0.51,119.26,-3.04,109.84,-7.9,129.28,17.7,149.62,15.73,133.7,-10.64,136.55,2.13,118.25,-13.4,125.5,6.13,44.5,0,0,0.15,0,M1:27.14% -> M2:37.28% -> M3:37.79% -> M4:34.75% -> M5:26.85% -> M6:44.55% -> M7:60.28% -> M8:49.64% -> M9:51.77% -> M10:38.37% -> M11:44.5%,
DUK,1/1/23,92.77,-1.41,86.6,-6.65,87.61,1.17,91.05,3.93,83.47,-8.33,83.5,0.04,87.08,4.29,83.99,-3.55,82.57,-1.69,83.94,1.66,87.77,4.56,5.31,1,-11.29,0.15,-169.9,M1:-1.41% -> M2:-8.06% -> M3:-6.89% -> M4:-2.96% -> M5:-11.29% [SELL] -> M6:0.04% -> M7:4.33% -> M8:0.78% -> M9:-0.91% -> M10:0.75% -> M11:5.31%,
PH,1/1/23,314.5,10.49,342.35,8.86,328,-4.19,316.8,-3.41,315.75,-0.33,380.06,20.37,398.45,4.84,411.92,3.38,382.33,-7.18,363.42,-4.95,427.38,17.6,45.48,0,0,0.15,0,M1:10.49% -> M2:19.35% -> M3:15.16% -> M4:11.75% -> M5:11.42% -> M6:31.79% -> M7:36.63% -> M8:40.01% -> M9:32.83% -> M10:27.88% -> M11:45.48%,
CDNS,1/1/23,181.78,11.64,193.14,6.25,209,8.21,209.3,0.14,228.57,9.21,234.38,2.54,231.43,-1.26,242.21,4.66,235.44,-2.8,240.8,2.28,272.85,13.31,54.18,0,0,0.15,0,M1:11.64% -> M2:17.89% -> M3:26.1% -> M4:26.24% -> M5:35.45% -> M6:37.99% -> M7:36.73% -> M8:41.39% -> M9:38.59% -> M10:40.87% -> M11:54.18%,
WM,1/1/23,145.39,-4.64,144.75,-0.44,158.44,9.46,161.36,1.84,157.47,-2.41,168.34,6.9,160.53,-4.64,153.86,-4.15,150.04,-2.48,161.08,7.36,168.82,4.81,11.61,0,0,0.15,0,M1:-4.64% -> M2:-5.08% -> M3:4.38% -> M4:6.22% -> M5:3.81% -> M6:10.71% -> M7:6.07% -> M8:1.92% -> M9:-0.56% -> M10:6.8% -> M11:11.61%,
DELL,1/1/23,38.89,0.65,39.22,0.85,38.55,-1.71,42.12,9.26,43.6,3.51,52.3,19.95,51.48,-1.57,62.51,21.43,66.92,7.05,66,-1.37,70.48,6.79,64.84,0,0,0.15,0,M1:0.65% -> M2:1.5% -> M3:-0.21% -> M4:9.05% -> M5:12.56% -> M6:32.51% -> M7:30.94% -> M8:52.37% -> M9:59.42% -> M10:58.05% -> M11:64.84%,
MDLZ,1/1/23,62.49,-1.26,61.84,-1.04,66.47,7.49,73.22,10.15,70.45,-3.78,70,-0.64,71.43,2.04,69.01,-3.39,66.98,-2.94,64.31,-3.99,68.59,6.66,9.3,0,0,0.14,0,M1:-1.26% -> M2:-2.3% -> M3:5.19% -> M4:15.34% -> M5:11.56% -> M6:10.92% -> M7:12.96% -> M8:9.57% -> M9:6.63% -> M10:2.64% -> M11:9.3%,
MAR,1/1/23,169.15,15.46,166.02,-1.85,162.11,-2.36,165.57,2.13,164.93,-0.39,180.28,9.31,196.15,8.8,201.69,2.82,193.15,-4.23,187.12,-3.12,200.3,7.04,33.61,0,0,0.14,0,M1:15.46% -> M2:13.61% -> M3:11.25% -> M4:13.38% -> M5:12.99% -> M6:22.3% -> M7:31.1% -> M8:33.92% -> M9:29.69% -> M10:26.57% -> M11:33.61%,
MSI,1/1/23,249.78,-1.08,255.36,2.23,278.38,9.01,286.91,3.06,276.53,-3.62,286.23,3.51,284.16,-0.72,279.54,-1.63,267.89,-4.17,274.96,2.64,319.47,16.19,25.42,0,0,0.14,0,M1:-1.08% -> M2:1.15% -> M3:10.16% -> M4:13.22% -> M5:9.6% -> M6:13.11% -> M7:12.39% -> M8:10.76% -> M9:6.59% -> M10:9.23% -> M11:25.42%,
WELL,1/1/23,70.74,12.72,69.97,-1.09,68.46,-2.16,75.16,9.79,71.02,-5.51,77.03,8.46,78.4,1.78,80.46,2.63,78.71,-2.17,80.96,2.86,86.65,7.03,34.34,0,0,0.14,0,M1:12.72% -> M2:11.63% -> M3:9.47% -> M4:19.26% -> M5:13.75% -> M6:22.21% -> M7:23.99% -> M8:26.62% -> M9:24.45% -> M10:27.31% -> M11:34.34%,
AON,1/1/23,311.91,5.27,298.07,-4.44,310.13,4.05,319.29,2.95,305.7,-4.26,337.74,10.48,314.72,-6.82,331.89,5.46,320.56,-3.41,308.04,-3.91,325.94,5.81,11.18,0,0,0.14,0,M1:5.27% -> M2:0.83% -> M3:4.88% -> M4:7.83% -> M5:3.57% -> M6:14.05% -> M7:7.23% -> M8:12.69% -> M9:9.28% -> M10:5.37% -> M11:11.18%,
REGN,1/1/23,751.22,4.2,758.91,1.02,817.75,7.75,802.68,-1.84,735.06,-8.42,709.18,-3.52,743.7,4.87,833.48,12.07,825.94,-0.9,782.9,-5.21,823.88,5.23,15.25,0,0,0.14,0,M1:4.2% -> M2:5.22% -> M3:12.97% -> M4:11.13% -> M5:2.71% -> M6:-0.81% -> M7:4.06% -> M8:16.13% -> M9:15.23% -> M10:10.02% -> M11:15.25%,
CI,1/1/23,302.86,-3.77,277.78,-8.28,250.8,-9.71,244.57,-2.48,240.29,-1.75,270.61,12.62,286.95,6.04,269.51,-6.08,278.41,3.3,299.88,7.71,257.21,-14.23,7.61,2,-24.24,0.14,-335.92,M1:-3.77% -> M2:-12.05% [SELL] -> M3:-9.71% -> M4:-12.19% [SELL] -> M5:-1.75% -> M6:10.87% -> M7:16.91% -> M8:10.83% -> M9:14.13% -> M10:21.84% -> M11:7.61%,
HCA,1/1/23,247.86,4.31,237.76,-4.07,259.16,9,283.77,9.5,260.52,-8.19,296.75,13.91,269.75,-9.1,275.67,2.19,243.14,-11.8,222.75,-8.39,247.96,11.32,8.68,0,0,0.14,0,M1:4.31% -> M2:0.24% -> M3:9.24% -> M4:18.74% -> M5:10.55% -> M6:24.46% -> M7:15.36% -> M8:17.55% -> M9:5.75% -> M10:-2.64% -> M11:8.68%,
PNC,1/1/23,150.64,3.55,144.33,-4.19,116.68,-19.16,117.74,0.91,109.12,-7.32,117.71,7.87,128.33,9.02,114.66,-10.65,114.96,0.26,109.54,-4.71,127.63,16.51,11.89,1,-19.8,0.14,-272.46,M1:3.55% -> M2:-0.64% -> M3:-19.8% [SELL] -> M4:0.91% -> M5:-6.41% -> M6:1.46% -> M7:10.48% -> M8:-0.17% -> M9:0.09% -> M10:-4.62% -> M11:11.89%,
ITW,1/1/23,225.63,6.96,222.11,-1.56,232.72,4.78,233.53,0.35,210.54,-9.84,240.35,14.16,246.89,2.72,240.53,-2.58,223.45,-7.1,218.75,-2.1,235.03,7.44,13.23,0,0,0.14,0,M1:6.96% -> M2:5.4% -> M3:10.18% -> M4:10.53% -> M5:0.69% -> M6:14.85% -> M7:17.57% -> M8:14.99% -> M9:7.89% -> M10:5.79% -> M11:13.23%,
SNPS,1/1/23,353.67,9.5,363.19,2.69,385.18,6.05,370.76,-3.74,446.53,20.44,431.52,-3.36,448.14,3.85,460,2.65,461.19,0.26,470.7,2.06,543.56,15.48,55.88,0,0,0.14,0,M1:9.5% -> M2:12.19% -> M3:18.24% -> M4:14.5% -> M5:34.94% -> M6:31.58% -> M7:35.43% -> M8:38.08% -> M9:38.34% -> M10:40.4% -> M11:55.88%,
CTAS,1/1/23,103.94,-2.35,103.28,-0.63,108.91,5.45,107.72,-1.09,113.28,5.16,117.45,3.68,120.25,2.38,123.02,2.3,116.31,-5.45,123.06,5.8,135.19,9.86,25.11,0,0,0.14,0,M1:-2.35% -> M2:-2.98% -> M3:2.47% -> M4:1.38% -> M5:6.54% -> M6:10.22% -> M7:12.6% -> M8:14.9% -> M9:9.45% -> M10:15.25% -> M11:25.11%,
CL,1/1/23,71.03,-4.94,70,-1.45,71.81,2.59,76.68,6.78,71.95,-6.17,73.62,2.32,73.57,-0.07,71.47,-2.85,68.54,-4.1,73.11,6.67,76.72,4.94,3.72,0,0,0.14,0,M1:-4.94% -> M2:-6.39% -> M3:-3.8% -> M4:2.98% -> M5:-3.19% -> M6:-0.87% -> M7:-0.94% -> M8:-3.79% -> M9:-7.89% -> M10:-1.22% -> M11:3.72%,
USB,1/1/23,44.57,11.4,42.72,-4.15,33.21,-22.26,31.42,-5.39,27.61,-12.13,30.88,11.84,36.73,18.94,34.3,-6.62,30.83,-10.12,30.12,-2.3,35.82,18.92,30.66,2,-32.53,0.13,-437.52,M1:11.4% -> M2:7.25% -> M3:-15.01% [SELL] -> M4:-5.39% -> M5:-17.52% [SELL] -> M6:11.84% -> M7:30.78% -> M8:24.16% -> M9:14.04% -> M10:11.74% -> M11:30.66%,
FTNT,1/1/23,52.15,5.29,59.54,14.17,65.82,10.55,62.3,-5.35,67.64,8.57,75.3,11.32,77.64,3.11,60.5,-22.08,58.79,-2.83,57.43,-2.31,52.05,-9.37,11.07,0,0,0.13,0,M1:5.29% -> M2:19.46% -> M3:30.01% -> M4:24.66% -> M5:33.23% -> M6:44.55% -> M7:47.66% -> M8:25.58% -> M9:22.75% -> M10:20.44% -> M11:11.07%,
ZTS,1/1/23,162.24,11.56,162.74,0.31,163.55,0.5,172.68,5.58,160.08,-7.3,167.58,4.69,184.62,10.17,190.05,2.94,170.58,-10.24,154.42,-9.47,174,12.68,21.42,0,0,0.13,0,M1:11.56% -> M2:11.87% -> M3:12.37% -> M4:17.95% -> M5:10.65% -> M6:15.34% -> M7:25.51% -> M8:28.45% -> M9:18.21% -> M10:8.74% -> M11:21.42%,
MCK,1/1/23,370.39,0.52,344.85,-6.9,355,2.94,361.52,1.84,388.93,7.58,419.12,7.76,399.04,-4.79,410.35,2.83,430.46,4.9,450.32,4.61,469.73,4.31,25.6,0,0,0.13,0,M1:0.52% -> M2:-6.38% -> M3:-3.44% -> M4:-1.6% -> M5:5.98% -> M6:13.74% -> M7:8.95% -> M8:11.78% -> M9:16.68% -> M10:21.29% -> M11:25.6%,
GD,1/1/23,221.41,-6.22,217.58,-1.73,219.03,0.67,210.03,-4.11,197.81,-5.82,206.57,4.43,216.47,4.79,220.82,2.01,214.67,-2.79,235.95,9.91,240.92,2.11,14.64,1,-11.39,0.13,-148.55,M1:-6.22% -> M2:-7.95% -> M3:-7.28% -> M4:-11.39% [SELL] -> M5:-5.82% -> M6:-1.39% -> M7:3.4% -> M8:5.41% -> M9:2.62% -> M10:12.53% -> M11:14.64%,
TDG,1/1/23,651.78,12.7,678.84,4.15,675.59,-0.48,698.87,3.45,708.59,1.39,812.09,14.61,819.73,0.94,830.74,1.34,768.4,-7.5,759.42,-1.17,908.24,19.6,49.03,0,0,0.13,0,M1:12.7% -> M2:16.85% -> M3:16.37% -> M4:19.82% -> M5:21.21% -> M6:35.82% -> M7:36.76% -> M8:38.1% -> M9:30.6% -> M10:29.43% -> M11:49.03%,
CEG,1/1/23,83.69,-0.63,72.86,-12.94,76.66,5.22,76.19,-0.61,83.71,9.87,89.76,7.23,94.92,5.75,104.46,10.05,107.1,2.53,112.34,4.89,119.56,6.43,51.36,1,-13.57,0.13,-173.35,M1:-0.63% -> M2:-13.57% [SELL] -> M3:5.22% -> M4:4.61% -> M5:14.48% -> M6:21.71% -> M7:27.46% -> M8:37.51% -> M9:40.04% -> M10:44.93% -> M11:51.36%,
AJG,1/1/23,191.69,3.73,182.6,-4.74,187.42,2.64,204.08,8.89,196.79,-3.57,215.65,9.58,211.71,-1.83,228.23,7.8,224.07,-1.82,232.76,3.88,245.74,5.58,30.14,0,0,0.13,0,M1:3.73% -> M2:-1.01% -> M3:1.63% -> M4:10.52% -> M5:6.95% -> M6:16.53% -> M7:14.7% -> M8:22.5% -> M9:20.68% -> M10:24.56% -> M11:30.14%,
EMR,1/1/23,85.44,-7.33,79.4,-7.07,83.68,5.39,80.15,-4.22,75.33,-6.01,87,15.49,87.69,0.79,95.55,8.96,93.62,-2.02,86.69,-7.4,87.24,0.63,11.61,1,-14.4,0.13,-183.1,M1:-7.33% -> M2:-14.4% [SELL] -> M3:5.39% -> M4:1.17% -> M5:-4.84% -> M6:10.65% -> M7:11.44% -> M8:20.4% -> M9:18.38% -> M10:10.98% -> M11:11.61%,
MMM,1/1/23,86.86,-5.74,85.32,-1.77,80.79,-5.31,81.71,1.14,72.91,-10.77,78.16,7.2,86.97,11.27,84.95,-2.32,73.35,-13.66,72.17,-1.61,79.48,10.13,1.38,1,-12.82,0.13,-162.38,M1:-5.74% -> M2:-7.51% -> M3:-12.82% [SELL] -> M4:1.14% -> M5:-9.63% -> M6:-2.43% -> M7:8.84% -> M8:6.52% -> M9:-7.14% -> M10:-8.75% -> M11:1.38%,
ORLY,1/1/23,788.56,-6.39,822.69,4.33,851.67,3.52,917.75,7.76,903.31,-1.57,954.46,5.66,926.44,-2.94,945.57,2.06,908.86,-3.88,934.92,2.87,984.5,5.3,16.72,0,0,0.13,0,M1:-6.39% -> M2:-2.06% -> M3:1.46% -> M4:9.22% -> M5:7.65% -> M6:13.31% -> M7:10.37% -> M8:12.43% -> M9:8.55% -> M10:11.42% -> M11:16.72%,
NOC,1/1/23,429.09,-18.25,446.62,4.09,447.91,0.29,446.6,-0.29,424.09,-5.04,439.96,3.74,432.94,-1.6,424.43,-1.97,429.48,1.19,462.97,7.8,466.42,0.75,8.96,1,-18.25,0.12,-224.62,M1:-18.25% [SELL] -> M2:4.09% -> M3:4.38% -> M4:4.09% -> M5:-0.95% -> M6:2.79% -> M7:1.19% -> M8:-0.78% -> M9:0.41% -> M10:8.21% -> M11:8.96%,
COF,1/1/23,108.33,21.95,105.48,-2.63,92.53,-12.28,93.73,1.3,101.88,8.7,106.19,4.23,112.77,6.2,100.6,-10.79,94.47,-6.09,99.13,4.93,109.21,10.17,25.69,0,0,0.12,0,M1:21.95% -> M2:19.32% -> M3:7.04% -> M4:8.34% -> M5:17.04% -> M6:21.27% -> M7:27.47% -> M8:16.68% -> M9:10.59% -> M10:15.52% -> M11:25.69%,
ECL,1/1/23,150.42,4.57,155.07,3.09,162.38,4.71,164.75,1.46,162.06,-1.63,182.75,12.77,180.05,-1.48,181.5,0.81,166.89,-8.05,165.33,-0.93,189.25,14.47,29.79,0,0,0.12,0,M1:4.57% -> M2:7.66% -> M3:12.37% -> M4:13.83% -> M5:12.2% -> M6:24.97% -> M7:23.49% -> M8:24.3% -> M9:16.25% -> M10:15.32% -> M11:29.79%,
EOG,1/1/23,121.45,3.18,104.88,-13.64,112.71,7.47,110.82,-1.68,101.28,-8.61,107.76,6.4,124.53,15.56,123.73,-0.64,120.32,-2.76,120.77,0.37,116.88,-3.22,12.89,1,-10.46,0.12,-126,M1:3.18% -> M2:-10.46% [SELL] -> M3:7.47% -> M4:5.79% -> M5:-2.82% -> M6:3.58% -> M7:19.14% -> M8:18.5% -> M9:15.74% -> M10:16.11% -> M11:12.89%,
FDX,1/1/23,185.32,10.36,195.06,5.26,219.37,12.46,220.46,0.5,209.91,-4.79,239.81,14.24,261.33,8.97,254.99,-2.43,259.42,1.74,234.61,-9.56,252.74,7.73,44.48,0,0,0.12,0,M1:10.36% -> M2:15.62% -> M3:28.08% -> M4:28.58% -> M5:23.79% -> M6:38.03% -> M7:47.0% -> M8:44.57% -> M9:46.31% -> M10:36.75% -> M11:44.48%,
BDX,1/1/23,244.1,-4.06,225.2,-7.74,239.78,6.47,256.68,7.05,237.02,-7.66,255.51,7.8,269.65,5.53,274.25,1.71,251.07,-8.45,248.51,-1.02,231.19,-6.97,4.46,1,-11.8,0.12,-140.18,M1:-4.06% -> M2:-11.8% [SELL] -> M3:6.47% -> M4:13.52% -> M5:5.86% -> M6:13.66% -> M7:19.19% -> M8:20.9% -> M9:12.45% -> M10:11.43% -> M11:4.46%,
APD,1/1/23,303.24,2.92,270.89,-10.67,274.03,1.16,281.99,2.9,255.98,-9.22,286.8,12.04,292.13,1.86,287.2,-1.69,272.29,-5.19,273.94,0.61,261.9,-4.4,3.23,1,-12.91,0.12,-152.37,M1:2.92% -> M2:-7.75% -> M3:-6.59% -> M4:-3.69% -> M5:-12.91% [SELL] -> M6:12.04% -> M7:13.9% -> M8:12.21% -> M9:7.02% -> M10:7.63% -> M11:3.23%,
WMB,1/1/23,28.89,-2.5,27.23,-5.75,27.87,2.35,27.59,-1,26.4,-4.31,30.45,15.34,32.17,5.65,32.53,1.12,31.7,-2.55,32.63,2.93,34.72,6.41,28.9,1,-11.21,0.12,-131.51,M1:-2.5% -> M2:-8.25% -> M3:-5.9% -> M4:-6.9% -> M5:-11.21% [SELL] -> M6:15.34% -> M7:20.99% -> M8:22.11% -> M9:19.56% -> M10:22.49% -> M11:28.9%,
SPG,1/1/23,114.29,8.27,109.15,-4.5,102.05,-6.5,102.49,0.43,95.44,-6.88,106.13,11.2,114.75,8.12,105.45,-8.1,100.78,-4.43,104.05,3.24,117.23,12.67,13.52,0,0,0.12,0,M1:8.27% -> M2:3.77% -> M3:-2.73% -> M4:-2.3% -> M5:-9.18% -> M6:2.02% -> M7:10.14% -> M8:2.04% -> M9:-2.39% -> M10:0.85% -> M11:13.52%,
ADSK,1/1/23,213.89,12.21,199.48,-6.74,205.09,2.81,194.79,-5.02,199.21,2.27,203,1.9,211.17,4.02,224.07,6.11,206.06,-8.04,198.12,-3.85,218.27,10.17,15.84,0,0,0.12,0,M1:12.21% -> M2:5.47% -> M3:8.28% -> M4:3.26% -> M5:5.53% -> M6:7.43% -> M7:11.45% -> M8:17.56% -> M9:9.52% -> M10:5.67% -> M11:15.84%,
RCL,1/1/23,64.47,28.61,70.27,9,63.73,-9.31,64.99,1.98,80.24,23.47,102.66,27.94,106.19,3.44,98.41,-7.33,91.01,-7.52,84.06,-7.64,106.61,26.83,89.47,0,0,0.12,0,M1:28.61% -> M2:37.61% -> M3:28.3% -> M4:30.28% -> M5:53.75% -> M6:81.69% -> M7:85.13% -> M8:77.8% -> M9:70.28% -> M10:62.64% -> M11:89.47%,
RSG,1/1/23,120.36,-4.82,125.93,4.63,132.24,5.01,141.63,7.1,138.99,-1.86,149.41,7.5,150.67,0.84,141.81,-5.88,140.17,-1.16,146.56,4.56,159.61,8.9,24.82,0,0,0.11,0,M1:-4.82% -> M2:-0.19% -> M3:4.82% -> M4:11.92% -> M5:10.06% -> M6:17.56% -> M7:18.4% -> M8:12.52% -> M9:11.36% -> M10:15.92% -> M11:24.82%,
CARR,1/1/23,43.93,7.7,43.66,-0.61,44.27,1.4,40.48,-8.56,40.1,-0.94,48.78,21.65,58.21,19.33,56.62,-2.73,53.96,-4.7,47.3,-12.34,51.33,8.52,28.72,0,0,0.11,0,M1:7.7% -> M2:7.09% -> M3:8.49% -> M4:-0.07% -> M5:-1.01% -> M6:20.64% -> M7:39.97% -> M8:37.24% -> M9:32.54% -> M10:20.2% -> M11:28.72%,
CSX,1/1/23,29.81,-1,29.54,-0.91,28.93,-2.06,29.8,3.01,30.38,1.95,33.03,8.72,32.51,-1.57,29.84,-8.21,29.96,0.4,29.23,-2.44,31.84,8.93,6.82,0,0,0.11,0,M1:-1.0% -> M2:-1.91% -> M3:-3.97% -> M4:-0.96% -> M5:0.99% -> M6:9.71% -> M7:8.14% -> M8:-0.07% -> M9:0.33% -> M10:-2.11% -> M11:6.82%,
HLT,1/1/23,143.47,13.11,143.37,-0.07,139.74,-2.53,142.56,2.02,135.86,-4.7,143.73,5.79,153.89,7.07,149.41,-2.91,148.34,-0.72,151.55,2.16,167.16,10.3,29.52,0,0,0.11,0,M1:13.11% -> M2:13.04% -> M3:10.51% -> M4:12.53% -> M5:7.83% -> M6:13.62% -> M7:20.69% -> M8:17.78% -> M9:17.06% -> M10:19.22% -> M11:29.52%,
DLR,1/1/23,106.47,12.8,96.05,-9.79,92.19,-4.02,92.8,0.66,96.16,3.62,108.27,12.59,118.06,9.04,126.23,6.92,115.65,-8.38,119.57,3.39,131.96,10.36,37.19,0,0,0.11,0,M1:12.8% -> M2:3.01% -> M3:-1.01% -> M4:-0.35% -> M5:3.27% -> M6:15.86% -> M7:24.9% -> M8:31.82% -> M9:23.44% -> M10:26.83% -> M11:37.19%,
TGT,1/1/23,160.54,14.75,157.84,-1.68,156.19,-1.05,148.01,-5.24,121.53,-17.89,124.35,2.32,128.83,3.6,121.57,-5.64,105.17,-13.49,105.87,0.67,128.46,21.34,22.01,2,-24.32,0.11,-263.6,M1:14.75% -> M2:13.07% -> M3:12.02% -> M4:6.78% -> M5:-11.11% [SELL] -> M6:2.32% -> M7:5.92% -> M8:0.28% -> M9:-13.21% [SELL] -> M10:0.67% -> M11:22.01%,
KMI,1/1/23,16.23,2.92,15.31,-5.67,15.8,3.2,15.4,-2.53,14.59,-5.26,15.57,6.72,16.29,4.62,15.97,-1.96,15.25,-4.51,15.2,-0.33,16.39,7.83,5.03,0,0,0.11,0,M1:2.92% -> M2:-2.75% -> M3:0.45% -> M4:-2.08% -> M5:-7.34% -> M6:-0.62% -> M7:4.0% -> M8:2.04% -> M9:-2.47% -> M10:-2.8% -> M11:5.03%,
OKE,1/1/23,61.15,4.71,59.25,-3.11,58.85,-0.68,59.49,1.09,52,-12.59,56.61,8.87,62.04,9.59,61.25,-1.27,59.14,-3.44,61.8,4.5,64.81,4.87,23.12,1,-10.58,0.11,-111.3,M1:4.71% -> M2:1.6% -> M3:0.92% -> M4:2.01% -> M5:-10.58% [SELL] -> M6:8.87% -> M7:18.46% -> M8:17.19% -> M9:13.75% -> M10:18.25% -> M11:23.12%,
TFC,1/1/23,43.15,12.75,41.52,-3.78,30.28,-27.07,28.89,-4.59,28.18,-2.46,27.71,-1.67,29.73,7.29,28.5,-4.14,26.31,-7.68,26.2,-0.42,30.07,14.77,14.35,2,-31.35,0.1,-324.36,M1:12.75% -> M2:8.97% -> M3:-18.1% [SELL] -> M4:-4.59% -> M5:-7.05% -> M6:-8.72% -> M7:-1.43% -> M8:-5.57% -> M9:-13.25% [SELL] -> M10:-0.42% -> M11:14.35%,
AFL,1/1/23,69.77,1.9,65.25,-6.48,61.67,-5.49,66.84,8.38,62.28,-6.82,67.02,7.61,69.76,4.09,72.47,3.88,74.21,2.4,75.83,2.18,80.08,5.6,27.32,1,-10.07,0.1,-103.35,M1:1.9% -> M2:-4.58% -> M3:-10.07% [SELL] -> M4:8.38% -> M5:1.56% -> M6:9.17% -> M7:13.26% -> M8:17.14% -> M9:19.54% -> M10:21.72% -> M11:27.32%,
GM,1/1/23,38.53,15.95,37.78,-1.95,35.62,-5.72,33.29,-6.54,31.81,-4.45,38.03,19.55,37.35,-1.79,33.07,-11.46,32.33,-2.24,28.28,-12.53,31.12,10.04,10.04,1,-11.18,0.1,-114.59,M1:15.95% -> M2:14.0% -> M3:8.28% -> M4:1.74% -> M5:-2.71% -> M6:16.84% -> M7:15.05% -> M8:3.59% -> M9:1.35% -> M10:-11.18% [SELL] -> M11:10.04%,
BK,1/1/23,46.95,9.52,47.2,0.53,42.69,-9.56,40.6,-4.9,38.42,-5.37,42.3,10.1,43.25,2.25,43.29,0.09,40.75,-5.87,41.07,0.79,46.61,13.49,11.07,0,0,0.1,0,M1:9.52% -> M2:10.05% -> M3:0.49% -> M4:-4.41% -> M5:-9.78% -> M6:0.32% -> M7:2.57% -> M8:2.66% -> M9:-3.21% -> M10:-2.42% -> M11:11.07%,
ROP,1/1/23,417.09,-3.03,423.92,1.64,435.19,2.66,450.98,3.63,445.68,-1.18,473.09,6.15,487.33,3.01,496.11,1.8,479.68,-3.31,486.64,1.45,534.42,9.82,22.64,0,0,0.1,0,M1:-3.03% -> M2:-1.39% -> M3:1.27% -> M4:4.9% -> M5:3.72% -> M6:9.87% -> M7:12.88% -> M8:14.68% -> M9:11.37% -> M10:12.82% -> M11:22.64%,
MET,1/1/23,67.47,-0.03,67.11,-0.53,54.68,-18.52,57.2,4.61,47.15,-17.57,53.73,13.96,59.38,10.52,60.95,2.64,59.68,-2.08,57.32,-3.95,61.08,6.56,27.65,2,-32.04,0.1,-324.74,M1:-0.03% -> M2:-0.56% -> M3:-19.08% [SELL] -> M4:4.61% -> M5:-12.96% [SELL] -> M6:13.96% -> M7:24.48% -> M8:27.12% -> M9:25.04% -> M10:21.09% -> M11:27.65%,
CPRT,1/1/23,33.24,8.27,35.18,5.84,37.36,6.2,39.11,4.68,43.96,12.4,45.53,3.57,44.12,-3.1,45.21,2.47,43.31,-4.2,43.72,0.95,50.08,14.55,51.63,0,0,0.1,0,M1:8.27% -> M2:14.11% -> M3:20.31% -> M4:24.99% -> M5:37.39% -> M6:40.96% -> M7:37.86% -> M8:40.33% -> M9:36.13% -> M10:37.08% -> M11:51.63%,
FCX,1/1/23,43.06,17.04,41.43,-3.79,40,-3.45,37.93,-5.18,34.03,-10.28,39.45,15.93,42.8,8.49,40.09,-6.33,36.03,-10.13,33.32,-7.52,37.22,11.7,6.48,0,0,0.1,0,M1:17.04% -> M2:13.25% -> M3:9.8% -> M4:4.62% -> M5:-5.66% -> M6:10.27% -> M7:18.76% -> M8:12.43% -> M9:2.3% -> M10:-5.22% -> M11:6.48%,
CVS,1/1/23,81.36,-3.38,76.64,-5.8,69.36,-9.5,68.59,-1.11,63.7,-7.13,64.43,1.15,70.25,9.03,61.46,-12.51,65.35,6.33,62.32,-4.64,64.37,3.29,4.98,2,-29.25,0.1,-293.77,M1:-3.38% -> M2:-9.18% -> M3:-18.68% [SELL] -> M4:-1.11% -> M5:-8.24% -> M6:-7.09% -> M7:1.94% -> M8:-10.57% [SELL] -> M9:6.33% -> M10:1.69% -> M11:4.98%,
PCAR,1/1/23,66.23,9.82,66.08,-0.23,67.27,1.8,68.57,1.93,63.56,-7.31,76.9,20.99,79.08,2.83,76.56,-3.19,78.62,2.69,76.45,-2.76,85.22,11.47,38.04,0,0,0.1,0,M1:9.82% -> M2:9.59% -> M3:11.39% -> M4:13.32% -> M5:6.01% -> M6:27.0% -> M7:29.83% -> M8:26.64% -> M9:29.33% -> M10:26.57% -> M11:38.04%,
SRE,1/1/23,74.83,3.41,69.96,-6.51,71.32,1.94,73.37,2.87,68.12,-7.16,68.16,0.06,70.96,4.11,67.43,-4.97,64.88,-3.78,67.66,4.28,70.11,3.62,7.9,1,-10.03,0.1,-99.22,M1:3.41% -> M2:-3.1% -> M3:-1.16% -> M4:1.71% -> M5:-5.45% -> M6:-5.39% -> M7:-1.28% -> M8:-6.25% -> M9:-10.03% [SELL] -> M10:4.28% -> M11:7.9%,
AZO,1/1/23,2435.98,-0.23,2458.51,0.92,2466.44,0.32,2669.93,8.25,2386.21,-10.63,2468.55,3.45,2487.46,0.77,2547.21,2.4,2535,-0.48,2476.85,-2.29,2616.82,5.65,8.13,0,0,0.1,0,M1:-0.23% -> M2:0.69% -> M3:1.01% -> M4:9.26% -> M5:-1.37% -> M6:2.08% -> M7:2.85% -> M8:5.25% -> M9:4.77% -> M10:2.48% -> M11:8.13%,
TRV,1/1/23,181.45,1.22,176.65,-2.65,165.06,-6.56,173.99,5.41,164.07,-5.7,167.29,1.96,167.05,-0.14,157.62,-5.65,159.3,1.07,164.15,3.04,175.76,7.07,11.18,1,-12.11,0.1,-119.08,M1:1.22% -> M2:-1.43% -> M3:-7.99% -> M4:-2.58% -> M5:-8.28% -> M6:-6.32% -> M7:-6.46% -> M8:-12.11% [SELL] -> M9:1.07% -> M10:4.11% -> M11:11.18%,
NXPI,1/1/23,178.08,15.2,173.44,-2.61,180.54,4.09,159.81,-11.48,175.33,9.71,201.09,14.69,216.62,7.72,202.93,-6.32,197.42,-2.72,168.7,-14.55,200.58,18.9,32.63,0,0,0.1,0,M1:15.2% -> M2:12.59% -> M3:16.68% -> M4:5.2% -> M5:14.91% -> M6:29.6% -> M7:37.32% -> M8:31.0% -> M9:28.28% -> M10:13.73% -> M11:32.63%,
JCI,1/1/23,63.27,2.08,59.62,-5.77,57.67,-3.27,57.5,-0.29,56.75,-1.3,65.62,15.63,66.95,2.03,57.47,-14.16,51.5,-10.39,48.08,-6.64,51.53,7.18,0.54,1,-15.44,0.1,-148.33,M1:2.08% -> M2:-3.69% -> M3:-6.96% -> M4:-7.25% -> M5:-8.55% -> M6:7.08% -> M7:9.11% -> M8:-5.05% -> M9:-15.44% [SELL] -> M10:-6.64% -> M11:0.54%,
GWW,1/1/23,572.88,4.67,655.3,14.39,673.14,2.72,685.74,1.87,640.93,-6.53,775.11,20.94,723.89,-6.61,709.38,-2,684.68,-3.48,722.91,5.58,778.1,7.63,39.18,0,0,0.1,0,M1:4.67% -> M2:19.06% -> M3:21.78% -> M4:23.65% -> M5:17.12% -> M6:38.06% -> M7:31.45% -> M8:29.45% -> M9:25.97% -> M10:31.55% -> M11:39.18%,
NSC,1/1/23,231.65,-1.15,213.74,-7.73,200.9,-6.01,193.73,-3.57,201.15,3.83,216.04,7.4,223.88,3.63,198.99,-11.12,182.66,-8.21,184.98,1.27,215.89,16.71,9.94,1,-14.89,0.1,-141.91,M1:-1.15% -> M2:-8.88% -> M3:-14.89% [SELL] -> M4:-3.57% -> M5:0.26% -> M6:7.66% -> M7:11.29% -> M8:0.17% -> M9:-8.04% -> M10:-6.77% -> M11:9.94%,
PSA,1/1/23,279.14,7.78,272.69,-2.31,285.74,4.79,273.48,-4.29,263.96,-3.48,273.74,3.71,265.83,-2.89,261.55,-1.61,251.82,-3.72,229.29,-8.95,245.83,7.21,7.21,1,-10.97,0.09,-102.86,M1:7.78% -> M2:5.47% -> M3:10.26% -> M4:5.97% -> M5:2.49% -> M6:6.2% -> M7:3.31% -> M8:1.7% -> M9:-2.02% -> M10:-10.97% [SELL] -> M11:7.21%,
SLB,1/1/23,54.08,7.66,50.84,-5.99,49.91,-1.83,46.63,-6.57,41.11,-11.84,47.33,15.13,55.7,17.68,57.46,3.16,56.22,-2.16,53.99,-3.97,50.11,-7.19,22.65,1,-18.57,0.09,-173.76,M1:7.66% -> M2:1.67% -> M3:-0.16% -> M4:-6.73% -> M5:-18.57% [SELL] -> M6:15.13% -> M7:32.81% -> M8:35.97% -> M9:33.81% -> M10:29.84% -> M11:22.65%,
AMP,1/1/23,338.4,11.52,332.15,-1.85,298.14,-10.24,297.84,-0.1,293.02,-1.62,323.07,10.26,338.25,4.7,332.43,-1.72,320.61,-3.56,309.37,-3.51,347.44,12.31,16.19,0,0,0.09,0,M1:11.52% -> M2:9.67% -> M3:-0.57% -> M4:-0.67% -> M5:-2.29% -> M6:7.97% -> M7:12.67% -> M8:10.95% -> M9:7.39% -> M10:3.88% -> M11:16.19%,
ALL,1/1/23,121.15,-5.97,122.65,1.24,107.84,-12.08,110.59,2.55,103.56,-6.36,105.16,1.54,108.5,3.18,105.67,-2.61,107.95,2.16,125.53,16.29,134.13,6.85,23.6,1,-16.81,0.09,-155.01,M1:-5.97% -> M2:-4.73% -> M3:-16.81% [SELL] -> M4:2.55% -> M5:-3.81% -> M6:-2.27% -> M7:0.91% -> M8:-1.7% -> M9:0.46% -> M10:16.75% -> M11:23.6%,
FICO,1/1/23,662.47,8.84,675.54,1.97,700,3.62,726.72,3.82,786.3,8.2,805.9,2.49,835.43,3.66,909.87,8.91,865,-4.93,849.23,-1.82,1084.97,27.76,62.52,0,0,0.09,0,M1:8.84% -> M2:10.81% -> M3:14.43% -> M4:18.25% -> M5:26.45% -> M6:28.94% -> M7:32.6% -> M8:41.51% -> M9:36.58% -> M10:34.76% -> M11:62.52%,
MNST,1/1/23,52,2.2,49.1,-5.58,54.22,10.43,55.82,2.95,58.57,4.93,57,-2.68,57.6,1.05,57.7,0.17,52.83,-8.44,51.21,-3.07,54.92,7.24,9.2,0,0,0.09,0,M1:2.2% -> M2:-3.38% -> M3:7.05% -> M4:10.0% -> M5:14.93% -> M6:12.25% -> M7:13.3% -> M8:13.47% -> M9:5.03% -> M10:1.96% -> M11:9.2%,
PAYX,1/1/23,108.2,-0.85,103.84,-4.03,106.12,2.2,103.16,-2.79,100.58,-2.5,105.84,5.23,118.96,12.4,117.38,-1.33,109.86,-6.41,104.62,-4.77,117.58,12.39,9.54,0,0,0.09,0,M1:-0.85% -> M2:-4.88% -> M3:-2.68% -> M4:-5.47% -> M5:-7.97% -> M6:-2.74% -> M7:9.66% -> M8:8.33% -> M9:1.92% -> M10:-2.85% -> M11:9.54%,
CHTR,1/1/23,381.23,11.45,365.28,-4.18,358.98,-1.72,368.64,2.69,328.15,-10.98,366.24,11.61,404.26,10.38,423.2,4.69,440.13,4,402.85,-8.47,400.13,-0.68,18.79,0,0,0.09,0,M1:11.45% -> M2:7.27% -> M3:5.55% -> M4:8.24% -> M5:-2.74% -> M6:8.87% -> M7:19.25% -> M8:23.94% -> M9:27.94% -> M10:19.47% -> M11:18.79%,
AEP,1/1/23,85.27,-1.77,80.89,-5.14,83.52,3.25,85.21,2.02,77.64,-8.88,78.42,1,79.03,0.78,74.23,-6.07,70.25,-5.36,71.24,1.41,75.99,6.67,-1.57,1,-10.52,0.09,-93.49,M1:-1.77% -> M2:-6.91% -> M3:-3.66% -> M4:-1.64% -> M5:-10.52% [SELL] -> M6:1.0% -> M7:1.78% -> M8:-4.29% -> M9:-9.65% -> M10:-8.24% -> M11:-1.57%,
ROST,1/1/23,116.48,2.05,104.69,-10.12,104.05,-0.61,104.57,0.5,101.51,-2.93,109.48,7.85,112.75,2.99,120.17,6.58,111.56,-7.16,114.73,2.84,129.26,12.66,25.76,1,-11.11,0.09,-98.36,M1:2.05% -> M2:-8.07% -> M3:-8.68% -> M4:-8.18% -> M5:-11.11% [SELL] -> M6:7.85% -> M7:10.84% -> M8:17.42% -> M9:10.26% -> M10:13.1% -> M11:25.76%,
PWR,1/1/23,151.05,6.06,161.42,6.87,166.37,3.07,169.34,1.79,176.55,4.26,195.45,10.71,200.53,2.6,210.47,4.96,186.56,-11.36,163.78,-12.21,187.49,14.48,31.23,0,0,0.09,0,M1:6.06% -> M2:12.93% -> M3:16.0% -> M4:17.79% -> M5:22.05% -> M6:32.76% -> M7:35.36% -> M8:40.32% -> M9:28.96% -> M10:16.75% -> M11:31.23%,
CMI,1/1/23,233.72,1.69,231.74,-0.85,227.19,-1.96,223.8,-1.49,196.24,-12.31,235.16,19.83,249.88,6.26,223.69,-10.48,219.98,-1.66,209.59,-4.72,218.85,4.42,13.65,1,-14.92,0.09,-129.39,M1:1.69% -> M2:0.84% -> M3:-1.12% -> M4:-2.61% -> M5:-14.92% [SELL] -> M6:19.83% -> M7:26.09% -> M8:15.61% -> M9:13.95% -> M10:9.23% -> M11:13.65%,
AXON,1/1/23,197.16,17.44,208.74,5.87,223.98,7.3,211.33,-5.65,191.59,-9.34,194.31,1.42,184.45,-5.07,213.61,15.81,197.29,-7.64,204.95,3.88,229.87,12.16,36.18,0,0,0.09,0,M1:17.44% -> M2:23.31% -> M3:30.61% -> M4:24.96% -> M5:15.62% -> M6:17.04% -> M7:11.97% -> M8:27.78% -> M9:20.14% -> M10:24.02% -> M11:36.18%,
VST,1/1/23,22.01,-1.61,21.26,-3.41,23.17,8.98,23.15,-0.09,23.33,0.78,25.59,9.69,27.37,6.96,30.93,13.01,32.86,6.24,32.37,-1.49,34.86,7.69,46.75,0,0,0.09,0,M1:-1.61% -> M2:-5.02% -> M3:3.96% -> M4:3.87% -> M5:4.65% -> M6:14.34% -> M7:21.3% -> M8:34.31% -> M9:40.55% -> M10:39.06% -> M11:46.75%,
URI,1/1/23,427.98,22.74,457.16,6.82,386,-15.57,353.03,-8.54,329.35,-6.71,435.16,32.13,455.12,4.59,476.86,4.78,437.26,-8.3,397.85,-9.01,473.31,18.97,41.9,0,0,0.09,0,M1:22.74% -> M2:29.56% -> M3:13.99% -> M4:5.45% -> M5:-1.26% -> M6:30.87% -> M7:35.46% -> M8:40.24% -> M9:31.94% -> M10:22.93% -> M11:41.9%,
MSCI,1/1/23,529,15.55,507.46,-4.07,541.01,6.61,471.89,-12.78,461.83,-2.13,459.21,-0.57,535.49,16.61,538.38,0.54,502.64,-6.64,460.23,-8.44,511.55,11.15,15.83,0,0,0.09,0,M1:15.55% -> M2:11.48% -> M3:18.09% -> M4:5.31% -> M5:3.18% -> M6:2.61% -> M7:19.22% -> M8:19.76% -> M9:13.12% -> M10:4.68% -> M11:15.83%,
LULU,1/1/23,306.9,-6.11,309.39,0.81,364.19,17.71,380.58,4.5,330.91,-13.05,379.9,14.8,376.99,-0.77,393,4.25,384.6,-2.14,393.31,2.26,447.6,13.8,36.06,0,0,0.08,0,M1:-6.11% -> M2:-5.3% -> M3:12.41% -> M4:16.91% -> M5:3.86% -> M6:18.66% -> M7:17.89% -> M8:22.14% -> M9:20.0% -> M10:22.26% -> M11:36.06%,
O,1/1/23,60.27,6.28,57.13,-5.21,56.56,-1,56.48,-0.14,53.88,-4.6,54.37,0.91,55.75,2.54,51.68,-7.3,45.97,-11.05,44.22,-3.81,50.21,13.55,9.74,1,-19.57,0.08,-162.67,M1:6.28% -> M2:1.07% -> M3:0.07% -> M4:-0.07% -> M5:-4.67% -> M6:-3.76% -> M7:-1.22% -> M8:-8.52% -> M9:-19.57% [SELL] -> M10:-3.81% -> M11:9.74%,
PSX,1/1/23,92.07,-3.48,95.98,4.25,97.83,1.93,91.51,-6.46,87.5,-4.38,90.11,2.98,104.75,16.25,110.43,5.42,114.2,3.41,109.21,-4.37,123.31,12.91,28.46,0,0,0.08,0,M1:-3.48% -> M2:0.77% -> M3:2.7% -> M4:-3.76% -> M5:-8.14% -> M6:-5.16% -> M7:11.09% -> M8:16.51% -> M9:19.92% -> M10:15.55% -> M11:28.46%,
AIG,1/1/23,59.76,-1.42,58.43,-2.23,48.53,-16.94,50.58,4.22,51.23,1.29,55.71,8.74,58.46,4.94,57,-2.5,58.86,3.26,60.09,2.09,63.95,6.42,28.46,1,-20.59,0.08,-167.96,M1:-1.42% -> M2:-3.65% -> M3:-20.59% [SELL] -> M4:4.22% -> M5:5.51% -> M6:14.25% -> M7:19.19% -> M8:16.69% -> M9:19.95% -> M10:22.04% -> M11:28.46%,
FANG,1/1/23,130.61,7.43,126.37,-3.25,131.57,4.11,128.69,-2.19,117.97,-8.33,121.76,3.21,135.28,11.1,142.28,5.17,144.37,1.47,150.69,4.38,146.69,-2.65,20.45,0,0,0.08,0,M1:7.43% -> M2:4.18% -> M3:8.29% -> M4:6.1% -> M5:-2.23% -> M6:0.98% -> M7:12.08% -> M8:17.25% -> M9:18.72% -> M10:23.1% -> M11:20.45%,
D,1/1/23,56.28,2.98,49.32,-12.37,50.52,2.43,51.39,1.72,44.72,-12.98,47.14,5.41,48.9,3.73,45.24,-7.48,41.24,-8.84,37.36,-9.41,42.73,14.37,14.37,2,-34.81,0.08,-282.29,M1:2.98% -> M2:-9.39% -> M3:-6.96% -> M4:-5.24% -> M5:-18.22% [SELL] -> M6:5.41% -> M7:9.14% -> M8:1.66% -> M9:-7.18% -> M10:-16.59% [SELL] -> M11:14.37%,
HWM,1/1/23,40.16,2.71,41.91,4.36,41.98,0.17,44,4.81,42.9,-2.5,48.91,14.01,49.45,1.1,49.69,0.49,45.73,-7.97,44.1,-3.56,52.42,18.87,32.49,0,0,0.08,0,M1:2.71% -> M2:7.07% -> M3:7.24% -> M4:12.05% -> M5:9.55% -> M6:23.56% -> M7:24.66% -> M8:25.15% -> M9:17.18% -> M10:13.62% -> M11:32.49%,
DHI,1/1/23,96.03,8.13,90.44,-5.82,95.6,5.71,107.7,12.66,105.73,-1.83,119.73,13.24,124.66,4.12,117.62,-5.65,104.83,-10.87,103.18,-1.57,126.58,22.68,40.8,0,0,0.08,0,M1:8.13% -> M2:2.31% -> M3:8.02% -> M4:20.68% -> M5:18.85% -> M6:32.09% -> M7:36.21% -> M8:30.56% -> M9:19.69% -> M10:18.12% -> M11:40.8%,
KR,1/1/23,42.17,-0.17,41.03,-2.7,47.35,15.4,46.69,-1.39,43.38,-7.09,45.08,3.92,46.73,3.66,44.87,-3.98,43.09,-3.97,44.01,2.14,43.28,-1.66,4.16,0,0,0.08,0,M1:-0.17% -> M2:-2.87% -> M3:12.53% -> M4:11.14% -> M5:4.05% -> M6:7.97% -> M7:11.63% -> M8:7.65% -> M9:3.68% -> M10:5.82% -> M11:4.16%,
NDAQ,1/1/23,58.38,-2.18,54.12,-7.3,52.94,-2.18,53.79,1.61,53.75,-0.07,48.59,-9.6,49.2,1.26,51.49,4.65,47.67,-7.42,48.9,2.58,54.76,11.98,4.99,1,-11.66,0.08,-93.68,M1:-2.18% -> M2:-9.48% -> M3:-11.66% [SELL] -> M4:1.61% -> M5:1.54% -> M6:-8.06% -> M7:-6.8% -> M8:-2.15% -> M9:-9.57% -> M10:-6.99% -> M11:4.99%,
OXY,1/1/23,62.49,3.14,56.9,-8.95,64.12,12.69,59.47,-7.25,56.27,-5.38,57.67,2.49,61.29,6.28,62.27,1.6,63.76,2.39,60.96,-4.39,57.97,-4.9,-2.28,0,0,0.08,0,M1:3.14% -> M2:-5.81% -> M3:6.88% -> M4:-0.37% -> M5:-5.75% -> M6:-3.26% -> M7:3.02% -> M8:4.62% -> M9:7.01% -> M10:2.62% -> M11:-2.28%,
EW,1/1/23,79.11,4.08,80.08,1.23,82.31,2.78,87.52,6.33,84.06,-3.95,93.62,11.37,81.5,-12.95,77.18,-5.3,68.86,-10.78,63.5,-7.78,67.46,6.24,6.24,1,-14.97,0.08,-118.84,M1:4.08% -> M2:5.31% -> M3:8.09% -> M4:14.42% -> M5:10.47% -> M6:21.84% -> M7:8.89% -> M8:3.59% -> M9:-7.19% -> M10:-14.97% [SELL] -> M11:6.24%,
COR,1/1/23,164.45,2.07,152.13,-7.49,157.94,3.82,164.01,3.84,167.81,2.32,188.15,12.12,184.48,-1.95,174.12,-5.62,177.52,1.95,182.63,2.88,201.24,10.19,24.13,0,0,0.08,0,M1:2.07% -> M2:-5.42% -> M3:-1.6% -> M4:2.24% -> M5:4.56% -> M6:16.68% -> M7:14.73% -> M8:9.11% -> M9:11.06% -> M10:13.94% -> M11:24.13%,
KDP,1/1/23,33.4,-0.71,32.66,-2.22,33.72,3.25,31.17,-7.56,29.9,-4.07,30.02,0.4,32.8,9.26,32.43,-1.13,30.45,-6.11,29.42,-3.38,30.62,4.08,3.12,1,-11.31,0.08,-89.35,M1:-0.71% -> M2:-2.93% -> M3:0.32% -> M4:-7.24% -> M5:-11.31% [SELL] -> M6:0.4% -> M7:9.66% -> M8:8.53% -> M9:2.42% -> M10:-0.96% -> M11:3.12%,
FIS,1/1/23,70.94,9.02,60.29,-15.01,52.04,-13.68,55.35,6.36,52.38,-5.37,55.91,6.74,58.22,4.13,54.51,-6.37,53.83,-1.25,48.19,-10.48,57.06,18.41,12.17,1,-19.67,0.08,-155.2,M1:9.02% -> M2:-5.99% -> M3:-19.67% [SELL] -> M4:6.36% -> M5:0.99% -> M6:7.73% -> M7:11.86% -> M8:5.49% -> M9:4.24% -> M10:-6.24% -> M11:12.17%,
KMB,1/1/23,119.11,-4.96,114.88,-3.55,124.76,8.6,134.95,8.17,125.51,-7,128.38,2.29,121.04,-5.72,120.98,-0.05,113.88,-5.87,113.64,-0.21,117.18,3.12,-5.18,0,0,0.08,0,M1:-4.96% -> M2:-8.51% -> M3:0.09% -> M4:8.26% -> M5:1.26% -> M6:3.55% -> M7:-2.17% -> M8:-2.22% -> M9:-8.09% -> M10:-8.3% -> M11:-5.18%,
NEM,1/1/23,49.17,9.27,41.25,-16.11,46.12,11.81,44.94,-2.56,38.82,-13.62,40.73,4.92,40.14,-1.45,37.93,-5.51,35.01,-7.7,36.11,3.14,39.04,8.11,1.51,1,-11.21,0.08,-87.89,M1:9.27% -> M2:-6.84% -> M3:4.97% -> M4:2.41% -> M5:-11.21% [SELL] -> M6:4.92% -> M7:3.47% -> M8:-2.04% -> M9:-9.74% -> M10:-6.6% -> M11:1.51%,
DFS,1/1/23,107.18,14.31,106.29,-0.83,94.36,-11.22,98.69,4.59,99.2,0.52,112.24,13.15,100.87,-10.13,88.41,-12.35,88.58,0.19,79.81,-9.9,90.49,13.38,13.38,1,-11.67,0.08,-91.28,M1:14.31% -> M2:13.48% -> M3:2.26% -> M4:6.85% -> M5:7.37% -> M6:20.52% -> M7:10.39% -> M8:-1.96% -> M9:-1.77% -> M10:-11.67% [SELL] -> M11:13.38%,
PCG,1/1/23,15.74,-1.19,15.49,-1.59,16.14,4.2,17.15,6.26,16.78,-2.16,17.09,1.85,17.5,2.4,16.37,-6.46,15.99,-2.32,16.29,1.88,17.13,5.16,8.03,0,0,0.08,0,M1:-1.19% -> M2:-2.78% -> M3:1.42% -> M4:7.68% -> M5:5.52% -> M6:7.37% -> M7:9.77% -> M8:3.31% -> M9:0.99% -> M10:2.87% -> M11:8.03%,
TEL,1/1/23,123.14,9.49,123.68,0.44,127.19,2.84,119.19,-6.29,119.55,0.3,136.75,14.39,139.79,2.22,131.14,-6.19,120.68,-7.98,117.74,-2.44,128.98,9.55,16.33,0,0,0.08,0,M1:9.49% -> M2:9.93% -> M3:12.77% -> M4:6.48% -> M5:6.78% -> M6:21.17% -> M7:23.39% -> M8:17.2% -> M9:9.22% -> M10:6.78% -> M11:16.33%,
MPC,1/1/23,122.68,11.42,118.43,-3.46,131.42,10.97,116.3,-11.51,101.67,-12.58,112.97,11.11,127.07,12.48,140.61,10.66,146.39,4.11,147.72,0.91,144.97,-1.86,32.25,0,0,0.08,0,M1:11.42% -> M2:7.96% -> M3:18.93% -> M4:7.42% -> M5:-5.16% -> M6:5.95% -> M7:18.43% -> M8:29.09% -> M9:33.2% -> M10:34.11% -> M11:32.25%,
FAST,1/1/23,47.15,5.13,48.74,3.37,50.97,4.58,51.7,1.43,51.73,0.06,56.1,8.45,56.2,0.18,55.73,-0.84,52.53,-5.74,56.51,7.58,57.76,2.21,26.41,0,0,0.08,0,M1:5.13% -> M2:8.5% -> M3:13.08% -> M4:14.51% -> M5:14.57% -> M6:23.02% -> M7:23.2% -> M8:22.36% -> M9:16.62% -> M10:24.2% -> M11:26.41%,
AME,1/1/23,142.77,3.18,139.11,-2.56,142.83,2.67,136.38,-4.52,144.01,5.59,159.16,10.52,156.09,-1.93,158.74,1.7,146.56,-7.67,140.73,-3.98,154.33,9.66,12.66,0,0,0.08,0,M1:3.18% -> M2:0.62% -> M3:3.29% -> M4:-1.23% -> M5:4.36% -> M6:14.88% -> M7:12.95% -> M8:14.65% -> M9:6.98% -> M10:3.0% -> M11:12.66%,
PEG,1/1/23,57.39,0.07,56.5,-1.55,58.37,3.31,59.38,1.73,56.48,-4.88,59.34,5.06,61.06,2.9,58.4,-4.36,54.33,-6.97,58.88,8.37,59.91,1.75,5.43,0,0,0.08,0,M1:0.07% -> M2:-1.48% -> M3:1.83% -> M4:3.56% -> M5:-1.32% -> M6:3.74% -> M7:6.64% -> M8:2.28% -> M9:-4.69% -> M10:3.68% -> M11:5.43%,
PRU,1/1/23,93.11,3.98,90.63,-2.66,74.99,-17.26,78.39,4.53,73.1,-6.75,81.4,11.35,88.97,9.3,89.2,0.26,87.86,-1.5,85.56,-2.62,92.08,7.62,22.19,1,-15.94,0.08,-120.27,M1:3.98% -> M2:1.32% -> M3:-15.94% [SELL] -> M4:4.53% -> M5:-2.22% -> M6:9.13% -> M7:18.43% -> M8:18.69% -> M9:17.19% -> M10:14.57% -> M11:22.19%,
KVUE,5/1/23,23.64,-0.88,24.58,3.98,21.97,-10.62,21.86,-0.5,19.07,-12.76,17.51,-8.18,19.34,10.45,20.42,5.58,,,,,,,7.85,1,-20.78,0.08,-156.04,M1:-0.88% -> M2:3.1% -> M3:-7.52% -> M4:-8.02% -> M5:-20.78% [SELL] -> M6:-8.18% -> M7:2.27% -> M8:7.85%,
STZ,1/1/23,222.75,-0.43,215.26,-3.36,218.68,1.59,221.37,1.23,235.31,6.3,239.2,1.65,264.44,10.55,254.91,-3.6,244.1,-4.24,228.92,-6.22,236.77,3.43,6.9,0,0,0.07,0,M1:-0.43% -> M2:-3.79% -> M3:-2.2% -> M4:-0.97% -> M5:5.33% -> M6:6.98% -> M7:17.53% -> M8:13.93% -> M9:9.69% -> M10:3.47% -> M11:6.9%,
GLW,1/1/23,32.18,7.37,31.89,-0.9,33.02,3.54,31.23,-5.42,29.28,-6.24,33.17,13.29,32.15,-3.08,31.72,-1.34,28.96,-8.7,25.53,-11.84,27.35,7.13,7.13,1,-13.32,0.07,-97.07,M1:7.37% -> M2:6.47% -> M3:10.01% -> M4:4.59% -> M5:-1.65% -> M6:11.64% -> M7:8.56% -> M8:7.22% -> M9:-1.48% -> M10:-13.32% [SELL] -> M11:7.13%,
LHX,1/1/23,204.16,2.85,200.2,-1.94,189.3,-5.44,187.64,-0.88,168.31,-10.3,189.18,12.4,183.56,-2.97,172.36,-6.1,169.17,-1.85,175.65,3.83,187.05,6.49,11.8,1,-15.71,0.07,-114.48,M1:2.85% -> M2:0.91% -> M3:-4.53% -> M4:-5.41% -> M5:-15.71% [SELL] -> M6:12.4% -> M7:9.43% -> M8:3.33% -> M9:1.48% -> M10:5.31% -> M11:11.8%,
GRMN,1/1/23,94.54,6.27,93.52,-1.08,97.24,3.98,94.46,-2.86,99.46,5.29,101.23,1.78,102.35,1.11,103.67,1.29,102.27,-1.35,104.25,1.94,119.26,14.4,30.77,0,0,0.07,0,M1:6.27% -> M2:5.19% -> M3:9.17% -> M4:6.31% -> M5:11.6% -> M6:13.38% -> M7:14.49% -> M8:15.78% -> M9:14.43% -> M10:16.37% -> M11:30.77%,
BKR,1/1/23,29.72,6.98,29.18,-1.82,28.75,-1.47,27.6,-4,26.14,-5.29,30.34,16.07,34.04,12.2,35.27,3.61,33.95,-3.74,33.27,-2,32.66,-1.83,18.71,0,0,0.07,0,M1:6.98% -> M2:5.16% -> M3:3.69% -> M4:-0.31% -> M5:-5.6% -> M6:10.47% -> M7:22.67% -> M8:26.28% -> M9:22.54% -> M10:20.54% -> M11:18.71%,
CBRE,1/1/23,84.83,8.7,84.6,-0.27,72.53,-14.27,76.46,5.42,74.76,-2.22,80.53,7.72,81.58,1.3,85.42,4.71,72.69,-14.9,69.53,-4.35,79.17,13.86,5.7,0,0,0.07,0,M1:8.7% -> M2:8.43% -> M3:-5.84% -> M4:-0.42% -> M5:-2.64% -> M6:5.08% -> M7:6.38% -> M8:11.09% -> M9:-3.81% -> M10:-8.16% -> M11:5.7%,
CTVA,1/1/23,62.37,9,60.69,-2.69,59.16,-2.52,59.76,1.01,52.34,-12.42,56.5,7.95,54.99,-2.67,50.1,-8.89,50.04,-0.12,47.29,-5.5,44.72,-5.43,0,2,-22.28,0.07,-158.36,M1:9.0% -> M2:6.31% -> M3:3.79% -> M4:4.8% -> M5:-7.62% -> M6:0.33% -> M7:-2.34% -> M8:-11.23% [SELL] -> M9:-0.12% -> M10:-5.62% -> M11:-11.05% [SELL],
HES,1/1/23,145.46,6.57,131.86,-9.35,136.23,3.31,140.06,2.81,124.12,-11.38,133.86,7.85,147.78,10.4,153.67,3.99,150.57,-2.02,142.34,-5.47,138.17,-2.93,3.78,0,0,0.07,0,M1:6.57% -> M2:-2.78% -> M3:0.53% -> M4:3.34% -> M5:-8.04% -> M6:-0.19% -> M7:10.21% -> M8:14.2% -> M9:12.18% -> M10:6.71% -> M11:3.78%,
CCI,1/1/23,131.2,7.48,115.98,-11.6,119.65,3.16,110.72,-7.46,101.91,-7.96,104.19,2.24,99.26,-4.73,92.4,-6.91,85.25,-7.74,86.46,1.42,109.09,26.17,27.59,2,-33.52,0.07,-237.61,M1:7.48% -> M2:-4.12% -> M3:-0.96% -> M4:-8.42% -> M5:-16.38% [SELL] -> M6:2.24% -> M7:-2.49% -> M8:-9.4% -> M9:-17.14% [SELL] -> M10:1.42% -> M11:27.59%,
DAL,1/1/23,38.15,16.81,37.65,-1.31,33.86,-10.07,33.81,-0.15,35.77,5.8,46.59,30.25,45.02,-3.37,42.42,-5.78,36.39,-14.21,30.98,-14.87,36.5,17.82,20.92,0,0,0.07,0,M1:16.81% -> M2:15.5% -> M3:5.43% -> M4:5.28% -> M5:11.08% -> M6:41.33% -> M7:37.96% -> M8:32.18% -> M9:17.97% -> M10:3.1% -> M11:20.92%,
CTSH,1/1/23,63.97,15.14,60.58,-5.3,58.83,-2.89,57.78,-1.78,60.79,5.21,63.07,3.75,63.97,1.43,70.32,9.93,65.95,-6.21,62.89,-4.64,68.88,9.52,24.16,0,0,0.07,0,M1:15.14% -> M2:9.84% -> M3:6.95% -> M4:5.17% -> M5:10.38% -> M6:14.13% -> M7:15.56% -> M8:25.49% -> M9:19.28% -> M10:14.64% -> M11:24.16%,
F,1/1/23,11.07,14.36,10.75,-2.89,10.91,1.49,10.59,-2.93,10.64,0.47,13.36,25.56,11.72,-12.28,10.84,-7.51,11.03,1.75,8.91,-19.22,9.31,4.49,3.29,0,0,0.07,0,M1:14.36% -> M2:11.47% -> M3:12.96% -> M4:10.03% -> M5:10.5% -> M6:36.06% -> M7:23.78% -> M8:16.27% -> M9:18.02% -> M10:-1.2% -> M11:3.29%,
VRSK,1/1/23,179.04,2.16,176.58,-1.37,188.29,6.63,191.33,1.61,218.17,14.03,222.29,1.89,227,2.12,241.58,6.42,233.59,-3.31,219.93,-5.85,238.85,8.6,32.93,0,0,0.07,0,M1:2.16% -> M2:0.79% -> M3:7.42% -> M4:9.03% -> M5:23.06% -> M6:24.95% -> M7:27.07% -> M8:33.49% -> M9:30.18% -> M10:24.33% -> M11:32.93%,
EA,1/1/23,115.29,-5.52,109.75,-4.81,118.81,8.26,125.74,5.83,126.78,0.83,127.87,0.86,134.22,4.97,120.1,-10.52,118.99,-0.92,122.84,3.24,137.1,11.61,24.16,1,-10.33,0.07,-72.04,M1:-5.52% -> M2:-10.33% [SELL] -> M3:8.26% -> M4:14.09% -> M5:14.92% -> M6:15.78% -> M7:20.75% -> M8:10.23% -> M9:9.31% -> M10:12.55% -> M11:24.16%,
ODFL,1/1/23,173.06,22.37,168.12,-2.85,167.67,-0.27,158.64,-5.39,154.09,-2.87,182.29,18.3,207.93,14.07,214.91,3.36,201.62,-6.18,187.56,-6.97,192.52,2.64,36.21,0,0,0.07,0,M1:22.37% -> M2:19.52% -> M3:19.25% -> M4:13.86% -> M5:10.99% -> M6:29.29% -> M7:43.36% -> M8:46.72% -> M9:40.54% -> M10:33.57% -> M11:36.21%,
XEL,1/1/23,63.67,-2.05,59.78,-6.11,63.2,5.72,65.5,3.64,61.5,-6.11,58.71,-4.54,59.37,1.12,54.41,-8.35,54.52,0.2,56.58,3.78,58.2,2.86,6.84,1,-16.68,0.07,-116.15,M1:-2.05% -> M2:-8.16% -> M3:-2.44% -> M4:1.2% -> M5:-4.91% -> M6:-9.45% -> M7:-8.33% -> M8:-16.68% [SELL] -> M9:0.2% -> M10:3.98% -> M11:6.84%,
TRGP,1/1/23,71.06,1.92,71.36,0.42,71.9,0.76,71.96,0.08,65.68,-8.73,73.31,11.62,79.18,8.01,84.73,7.01,82.83,-2.24,82.39,-0.53,87.84,6.61,24.93,0,0,0.07,0,M1:1.92% -> M2:2.34% -> M3:3.1% -> M4:3.18% -> M5:-5.55% -> M6:6.07% -> M7:14.08% -> M8:21.09% -> M9:18.85% -> M10:18.32% -> M11:24.93%,
A,1/1/23,151.16,0.89,136.63,-9.61,135.49,-0.83,134.33,-0.86,115.51,-14.01,118.75,2.8,120.49,1.47,121.39,0.75,109.73,-9.61,101.62,-7.39,126.25,24.24,24.24,3,-36.4,0.07,-251.58,M1:0.89% -> M2:-8.72% -> M3:-9.55% -> M4:-10.41% [SELL] -> M5:-14.01% [SELL] -> M6:2.8% -> M7:4.27% -> M8:5.02% -> M9:-4.59% -> M10:-11.98% [SELL] -> M11:24.24%,
IT,1/1/23,337.05,-0.7,325.69,-3.37,323.27,-0.74,301.4,-6.77,339.91,12.78,348.03,2.39,341.1,-1.99,351.21,2.96,343.47,-2.2,331.86,-3.38,434.32,30.87,41.43,1,-11.58,0.07,-78.94,M1:-0.7% -> M2:-4.07% -> M3:-4.81% -> M4:-11.58% [SELL] -> M5:12.78% -> M6:15.17% -> M7:13.18% -> M8:16.14% -> M9:13.94% -> M10:10.56% -> M11:41.43%,
LVS,1/1/23,57.84,21.03,56.64,-2.07,57.8,2.05,62.43,8.01,53.06,-15.01,56.62,6.71,57.31,1.22,53.88,-5.98,44.33,-17.72,46.16,4.13,45.06,-2.38,-0.01,0,0,0.07,0,M1:21.03% -> M2:18.96% -> M3:21.01% -> M4:29.02% -> M5:14.01% -> M6:20.72% -> M7:21.94% -> M8:15.96% -> M9:-1.76% -> M10:2.37% -> M11:-0.01%,
SYY,1/1/23,73.75,2.53,70.08,-4.98,73.24,4.51,73.26,0.03,67,-8.54,70.46,5.16,73.8,4.74,67.04,-9.16,63.33,-5.53,64.16,1.31,70,9.1,10.41,1,-11.24,0.07,-76.46,M1:2.53% -> M2:-2.45% -> M3:2.06% -> M4:2.09% -> M5:-6.45% -> M6:-1.29% -> M7:3.45% -> M8:-5.71% -> M9:-11.24% [SELL] -> M10:1.31% -> M11:10.41%,
VLO,1/1/23,131.44,12.03,124.53,-5.26,133.38,7.11,107.56,-19.36,101.66,-5.49,112.23,10.4,121.92,8.63,126.21,3.52,135.49,7.35,122.25,-9.77,120.48,-1.45,18.68,1,-10.97,0.07,-74.1,M1:12.03% -> M2:6.77% -> M3:13.88% -> M4:-5.48% -> M5:-10.97% [SELL] -> M6:10.4% -> M7:19.03% -> M8:22.55% -> M9:29.9% -> M10:20.13% -> M11:18.68%,
OTIS,1/1/23,79.6,4.48,81.81,2.78,81.62,-0.23,82.93,1.6,77.53,-6.51,85.99,10.91,87.69,1.98,83.93,-4.29,78.17,-6.86,75.56,-3.34,84.11,11.32,11.84,0,0,0.07,0,M1:4.48% -> M2:7.26% -> M3:7.03% -> M4:8.63% -> M5:2.12% -> M6:13.03% -> M7:15.01% -> M8:10.72% -> M9:3.86% -> M10:0.52% -> M11:11.84%,
LEN,1/1/23,96.34,11.92,90.59,-5.97,98.46,8.69,106.4,8.06,100.36,-5.68,118.9,18.47,119.72,0.69,113.49,-5.2,105.71,-6.86,101.54,-3.94,121.89,20.04,40.22,0,0,0.07,0,M1:11.92% -> M2:5.95% -> M3:14.64% -> M4:22.7% -> M5:17.02% -> M6:35.49% -> M7:36.18% -> M8:30.98% -> M9:24.12% -> M10:20.18% -> M11:40.22%,
EXC,1/1/23,38.48,-3.1,37.11,-3.56,38.72,4.34,39.31,1.52,37.24,-5.27,37.94,1.88,39.05,2.93,38.02,-2.64,35.42,-6.84,36.76,3.78,36.69,-0.19,3.59,1,-10.74,0.07,-71.88,M1:-3.1% -> M2:-6.66% -> M3:-2.32% -> M4:-0.8% -> M5:-6.07% -> M6:-4.19% -> M7:-1.26% -> M8:-3.9% -> M9:-10.74% [SELL] -> M10:3.78% -> M11:3.59%,